Najpogostejši vzrok smrti po spolu, statistiène regije, Slovenija, letno;;;;;;;;;;;;;;;;;;;;;;;;;;;;;;;;;;;;;;;;;;;;;;;;;;;;;;;;;;;;;;;;;;;;;;;;;;;;;;;;;;;;;;;;;;;;;;;;;;;;;;;;;;;;;;;;;;;;;;;;;;;;;;;;;;;;;;;;;;;;;;;;;;;;;;;;;;;;;;;;;;;;;;;;;;;;;;;;;;;;;;;;;;;;;;;;;;;;;;;;;;;;;;;;;;;;;;;;;;;;;;;;;;;;;;;;;;;;;;;;;;;;;;;;;;;;;;;;;;;;;;;;;;;;;;;;;;;;;;;;;
;;;;;;;;;;;;;;;;;;;;;;;;;;;;;;;;;;;;;;;;;;;;;;;;;;;;;;;;;;;;;;;;;;;;;;;;;;;;;;;;;;;;;;;;;;;;;;;;;;;;;;;;;;;;;;;;;;;;;;;;;;;;;;;;;;;;;;;;;;;;;;;;;;;;;;;;;;;;;;;;;;;;;;;;;;;;;;;;;;;;;;;;;;;;;;;;;;;;;;;;;;;;;;;;;;;;;;;;;;;;;;;;;;;;;;;;;;;;;;;;;;;;;;;;;;;;;;;;;;;;;;;;;;;;;;;;;;;;;;;;;
SPOL;STATISTIÈNA REGIJA;2002 Vzrok smrti Vzrok smrti - SKUPAJ;2002 Vzrok smrti Nekatere infekcijske in parazitske bolezni (A00-B99);2002 Vzrok smrti Neoplazme (C00-D48);2002 Vzrok smrti Bolezni obtoèil (I00-I99);2002 Vzrok smrti Bolezni dihal (J00-J99);2002 Vzrok smrti Bolezni prebavil (K00-K93);2002 Vzrok smrti Poškodbe, zastrupitve in nekatere druge posledice zunanjih vzrokov (S00-T98);2002 Vzrok smrti na 1000 prebivalcev Vzrok smrti - SKUPAJ;2002 Vzrok smrti na 1000 prebivalcev Nekatere infekcijske in parazitske bolezni (A00-B99);2002 Vzrok smrti na 1000 prebivalcev Neoplazme (C00-D48);2002 Vzrok smrti na 1000 prebivalcev Bolezni obtoèil (I00-I99);2002 Vzrok smrti na 1000 prebivalcev Bolezni dihal (J00-J99);2002 Vzrok smrti na 1000 prebivalcev Bolezni prebavil (K00-K93);2002 Vzrok smrti na 1000 prebivalcev Poškodbe, zastrupitve in nekatere druge posledice zunanjih vzrokov (S00-T98);2003 Vzrok smrti Vzrok smrti - SKUPAJ;2003 Vzrok smrti Nekatere infekcijske in parazitske bolezni (A00-B99);2003 Vzrok smrti Neoplazme (C00-D48);2003 Vzrok smrti Bolezni obtoèil (I00-I99);2003 Vzrok smrti Bolezni dihal (J00-J99);2003 Vzrok smrti Bolezni prebavil (K00-K93);2003 Vzrok smrti Poškodbe, zastrupitve in nekatere druge posledice zunanjih vzrokov (S00-T98);2003 Vzrok smrti na 1000 prebivalcev Vzrok smrti - SKUPAJ;2003 Vzrok smrti na 1000 prebivalcev Nekatere infekcijske in parazitske bolezni (A00-B99);2003 Vzrok smrti na 1000 prebivalcev Neoplazme (C00-D48);2003 Vzrok smrti na 1000 prebivalcev Bolezni obtoèil (I00-I99);2003 Vzrok smrti na 1000 prebivalcev Bolezni dihal (J00-J99);2003 Vzrok smrti na 1000 prebivalcev Bolezni prebavil (K00-K93);2003 Vzrok smrti na 1000 prebivalcev Poškodbe, zastrupitve in nekatere druge posledice zunanjih vzrokov (S00-T98);2004 Vzrok smrti Vzrok smrti - SKUPAJ;2004 Vzrok smrti Nekatere infekcijske in parazitske bolezni (A00-B99);2004 Vzrok smrti Neoplazme (C00-D48);2004 Vzrok smrti Bolezni obtoèil (I00-I99);2004 Vzrok smrti Bolezni dihal (J00-J99);2004 Vzrok smrti Bolezni prebavil (K00-K93);2004 Vzrok smrti Poškodbe, zastrupitve in nekatere druge posledice zunanjih vzrokov (S00-T98);2004 Vzrok smrti na 1000 prebivalcev Vzrok smrti - SKUPAJ;2004 Vzrok smrti na 1000 prebivalcev Nekatere infekcijske in parazitske bolezni (A00-B99);2004 Vzrok smrti na 1000 prebivalcev Neoplazme (C00-D48);2004 Vzrok smrti na 1000 prebivalcev Bolezni obtoèil (I00-I99);2004 Vzrok smrti na 1000 prebivalcev Bolezni dihal (J00-J99);2004 Vzrok smrti na 1000 prebivalcev Bolezni prebavil (K00-K93);2004 Vzrok smrti na 1000 prebivalcev Poškodbe, zastrupitve in nekatere druge posledice zunanjih vzrokov (S00-T98);2005 Vzrok smrti Vzrok smrti - SKUPAJ;2005 Vzrok smrti Nekatere infekcijske in parazitske bolezni (A00-B99);2005 Vzrok smrti Neoplazme (C00-D48);2005 Vzrok smrti Bolezni obtoèil (I00-I99);2005 Vzrok smrti Bolezni dihal (J00-J99);2005 Vzrok smrti Bolezni prebavil (K00-K93);2005 Vzrok smrti Poškodbe, zastrupitve in nekatere druge posledice zunanjih vzrokov (S00-T98);2005 Vzrok smrti na 1000 prebivalcev Vzrok smrti - SKUPAJ;2005 Vzrok smrti na 1000 prebivalcev Nekatere infekcijske in parazitske bolezni (A00-B99);2005 Vzrok smrti na 1000 prebivalcev Neoplazme (C00-D48);2005 Vzrok smrti na 1000 prebivalcev Bolezni obtoèil (I00-I99);2005 Vzrok smrti na 1000 prebivalcev Bolezni dihal (J00-J99);2005 Vzrok smrti na 1000 prebivalcev Bolezni prebavil (K00-K93);2005 Vzrok smrti na 1000 prebivalcev Poškodbe, zastrupitve in nekatere druge posledice zunanjih vzrokov (S00-T98);2006 Vzrok smrti Vzrok smrti - SKUPAJ;2006 Vzrok smrti Nekatere infekcijske in parazitske bolezni (A00-B99);2006 Vzrok smrti Neoplazme (C00-D48);2006 Vzrok smrti Bolezni obtoèil (I00-I99);2006 Vzrok smrti Bolezni dihal (J00-J99);2006 Vzrok smrti Bolezni prebavil (K00-K93);2006 Vzrok smrti Poškodbe, zastrupitve in nekatere druge posledice zunanjih vzrokov (S00-T98);2006 Vzrok smrti na 1000 prebivalcev Vzrok smrti - SKUPAJ;2006 Vzrok smrti na 1000 prebivalcev Nekatere infekcijske in parazitske bolezni (A00-B99);2006 Vzrok smrti na 1000 prebivalcev Neoplazme (C00-D48);2006 Vzrok smrti na 1000 prebivalcev Bolezni obtoèil (I00-I99);2006 Vzrok smrti na 1000 prebivalcev Bolezni dihal (J00-J99);2006 Vzrok smrti na 1000 prebivalcev Bolezni prebavil (K00-K93);2006 Vzrok smrti na 1000 prebivalcev Poškodbe, zastrupitve in nekatere druge posledice zunanjih vzrokov (S00-T98);2007 Vzrok smrti Vzrok smrti - SKUPAJ;2007 Vzrok smrti Nekatere infekcijske in parazitske bolezni (A00-B99);2007 Vzrok smrti Neoplazme (C00-D48);2007 Vzrok smrti Bolezni obtoèil (I00-I99);2007 Vzrok smrti Bolezni dihal (J00-J99);2007 Vzrok smrti Bolezni prebavil (K00-K93);2007 Vzrok smrti Poškodbe, zastrupitve in nekatere druge posledice zunanjih vzrokov (S00-T98);2007 Vzrok smrti na 1000 prebivalcev Vzrok smrti - SKUPAJ;2007 Vzrok smrti na 1000 prebivalcev Nekatere infekcijske in parazitske bolezni (A00-B99);2007 Vzrok smrti na 1000 prebivalcev Neoplazme (C00-D48);2007 Vzrok smrti na 1000 prebivalcev Bolezni obtoèil (I00-I99);2007 Vzrok smrti na 1000 prebivalcev Bolezni dihal (J00-J99);2007 Vzrok smrti na 1000 prebivalcev Bolezni prebavil (K00-K93);2007 Vzrok smrti na 1000 prebivalcev Poškodbe, zastrupitve in nekatere druge posledice zunanjih vzrokov (S00-T98);2008 Vzrok smrti Vzrok smrti - SKUPAJ;2008 Vzrok smrti Nekatere infekcijske in parazitske bolezni (A00-B99);2008 Vzrok smrti Neoplazme (C00-D48);2008 Vzrok smrti Bolezni obtoèil (I00-I99);2008 Vzrok smrti Bolezni dihal (J00-J99);2008 Vzrok smrti Bolezni prebavil (K00-K93);2008 Vzrok smrti Poškodbe, zastrupitve in nekatere druge posledice zunanjih vzrokov (S00-T98);2008 Vzrok smrti na 1000 prebivalcev Vzrok smrti - SKUPAJ;2008 Vzrok smrti na 1000 prebivalcev Nekatere infekcijske in parazitske bolezni (A00-B99);2008 Vzrok smrti na 1000 prebivalcev Neoplazme (C00-D48);2008 Vzrok smrti na 1000 prebivalcev Bolezni obtoèil (I00-I99);2008 Vzrok smrti na 1000 prebivalcev Bolezni dihal (J00-J99);2008 Vzrok smrti na 1000 prebivalcev Bolezni prebavil (K00-K93);2008 Vzrok smrti na 1000 prebivalcev Poškodbe, zastrupitve in nekatere druge posledice zunanjih vzrokov (S00-T98);2009 Vzrok smrti Vzrok smrti - SKUPAJ;2009 Vzrok smrti Nekatere infekcijske in parazitske bolezni (A00-B99);2009 Vzrok smrti Neoplazme (C00-D48);2009 Vzrok smrti Bolezni obtoèil (I00-I99);2009 Vzrok smrti Bolezni dihal (J00-J99);2009 Vzrok smrti Bolezni prebavil (K00-K93);2009 Vzrok smrti Poškodbe, zastrupitve in nekatere druge posledice zunanjih vzrokov (S00-T98);2009 Vzrok smrti na 1000 prebivalcev Vzrok smrti - SKUPAJ;2009 Vzrok smrti na 1000 prebivalcev Nekatere infekcijske in parazitske bolezni (A00-B99);2009 Vzrok smrti na 1000 prebivalcev Neoplazme (C00-D48);2009 Vzrok smrti na 1000 prebivalcev Bolezni obtoèil (I00-I99);2009 Vzrok smrti na 1000 prebivalcev Bolezni dihal (J00-J99);2009 Vzrok smrti na 1000 prebivalcev Bolezni prebavil (K00-K93);2009 Vzrok smrti na 1000 prebivalcev Poškodbe, zastrupitve in nekatere druge posledice zunanjih vzrokov (S00-T98);2010 Vzrok smrti Vzrok smrti - SKUPAJ;2010 Vzrok smrti Nekatere infekcijske in parazitske bolezni (A00-B99);2010 Vzrok smrti Neoplazme (C00-D48);2010 Vzrok smrti Bolezni obtoèil (I00-I99);2010 Vzrok smrti Bolezni dihal (J00-J99);2010 Vzrok smrti Bolezni prebavil (K00-K93);2010 Vzrok smrti Poškodbe, zastrupitve in nekatere druge posledice zunanjih vzrokov (S00-T98);2010 Vzrok smrti na 1000 prebivalcev Vzrok smrti - SKUPAJ;2010 Vzrok smrti na 1000 prebivalcev Nekatere infekcijske in parazitske bolezni (A00-B99);2010 Vzrok smrti na 1000 prebivalcev Neoplazme (C00-D48);2010 Vzrok smrti na 1000 prebivalcev Bolezni obtoèil (I00-I99);2010 Vzrok smrti na 1000 prebivalcev Bolezni dihal (J00-J99);2010 Vzrok smrti na 1000 prebivalcev Bolezni prebavil (K00-K93);2010 Vzrok smrti na 1000 prebivalcev Poškodbe, zastrupitve in nekatere druge posledice zunanjih vzrokov (S00-T98);2011 Vzrok smrti Vzrok smrti - SKUPAJ;2011 Vzrok smrti Nekatere infekcijske in parazitske bolezni (A00-B99);2011 Vzrok smrti Neoplazme (C00-D48);2011 Vzrok smrti Bolezni obtoèil (I00-I99);2011 Vzrok smrti Bolezni dihal (J00-J99);2011 Vzrok smrti Bolezni prebavil (K00-K93);2011 Vzrok smrti Poškodbe, zastrupitve in nekatere druge posledice zunanjih vzrokov (S00-T98);2011 Vzrok smrti na 1000 prebivalcev Vzrok smrti - SKUPAJ;2011 Vzrok smrti na 1000 prebivalcev Nekatere infekcijske in parazitske bolezni (A00-B99);2011 Vzrok smrti na 1000 prebivalcev Neoplazme (C00-D48);2011 Vzrok smrti na 1000 prebivalcev Bolezni obtoèil (I00-I99);2011 Vzrok smrti na 1000 prebivalcev Bolezni dihal (J00-J99);2011 Vzrok smrti na 1000 prebivalcev Bolezni prebavil (K00-K93);2011 Vzrok smrti na 1000 prebivalcev Poškodbe, zastrupitve in nekatere druge posledice zunanjih vzrokov (S00-T98);2012 Vzrok smrti Vzrok smrti - SKUPAJ;2012 Vzrok smrti Nekatere infekcijske in parazitske bolezni (A00-B99);2012 Vzrok smrti Neoplazme (C00-D48);2012 Vzrok smrti Bolezni obtoèil (I00-I99);2012 Vzrok smrti Bolezni dihal (J00-J99);2012 Vzrok smrti Bolezni prebavil (K00-K93);2012 Vzrok smrti Poškodbe, zastrupitve in nekatere druge posledice zunanjih vzrokov (S00-T98);2012 Vzrok smrti na 1000 prebivalcev Vzrok smrti - SKUPAJ;2012 Vzrok smrti na 1000 prebivalcev Nekatere infekcijske in parazitske bolezni (A00-B99);2012 Vzrok smrti na 1000 prebivalcev Neoplazme (C00-D48);2012 Vzrok smrti na 1000 prebivalcev Bolezni obtoèil (I00-I99);2012 Vzrok smrti na 1000 prebivalcev Bolezni dihal (J00-J99);2012 Vzrok smrti na 1000 prebivalcev Bolezni prebavil (K00-K93);2012 Vzrok smrti na 1000 prebivalcev Poškodbe, zastrupitve in nekatere druge posledice zunanjih vzrokov (S00-T98);2013 Vzrok smrti Vzrok smrti - SKUPAJ;2013 Vzrok smrti Nekatere infekcijske in parazitske bolezni (A00-B99);2013 Vzrok smrti Neoplazme (C00-D48);2013 Vzrok smrti Bolezni obtoèil (I00-I99);2013 Vzrok smrti Bolezni dihal (J00-J99);2013 Vzrok smrti Bolezni prebavil (K00-K93);2013 Vzrok smrti Poškodbe, zastrupitve in nekatere druge posledice zunanjih vzrokov (S00-T98);2013 Vzrok smrti na 1000 prebivalcev Vzrok smrti - SKUPAJ;2013 Vzrok smrti na 1000 prebivalcev Nekatere infekcijske in parazitske bolezni (A00-B99);2013 Vzrok smrti na 1000 prebivalcev Neoplazme (C00-D48);2013 Vzrok smrti na 1000 prebivalcev Bolezni obtoèil (I00-I99);2013 Vzrok smrti na 1000 prebivalcev Bolezni dihal (J00-J99);2013 Vzrok smrti na 1000 prebivalcev Bolezni prebavil (K00-K93);2013 Vzrok smrti na 1000 prebivalcev Poškodbe, zastrupitve in nekatere druge posledice zunanjih vzrokov (S00-T98);2014 Vzrok smrti Vzrok smrti - SKUPAJ;2014 Vzrok smrti Nekatere infekcijske in parazitske bolezni (A00-B99);2014 Vzrok smrti Neoplazme (C00-D48);2014 Vzrok smrti Bolezni obtoèil (I00-I99);2014 Vzrok smrti Bolezni dihal (J00-J99);2014 Vzrok smrti Bolezni prebavil (K00-K93);2014 Vzrok smrti Poškodbe, zastrupitve in nekatere druge posledice zunanjih vzrokov (S00-T98);2014 Vzrok smrti na 1000 prebivalcev Vzrok smrti - SKUPAJ;2014 Vzrok smrti na 1000 prebivalcev Nekatere infekcijske in parazitske bolezni (A00-B99);2014 Vzrok smrti na 1000 prebivalcev Neoplazme (C00-D48);2014 Vzrok smrti na 1000 prebivalcev Bolezni obtoèil (I00-I99);2014 Vzrok smrti na 1000 prebivalcev Bolezni dihal (J00-J99);2014 Vzrok smrti na 1000 prebivalcev Bolezni prebavil (K00-K93);2014 Vzrok smrti na 1000 prebivalcev Poškodbe, zastrupitve in nekatere druge posledice zunanjih vzrokov (S00-T98);2015 Vzrok smrti Vzrok smrti - SKUPAJ;2015 Vzrok smrti Nekatere infekcijske in parazitske bolezni (A00-B99);2015 Vzrok smrti Neoplazme (C00-D48);2015 Vzrok smrti Bolezni obtoèil (I00-I99);2015 Vzrok smrti Bolezni dihal (J00-J99);2015 Vzrok smrti Bolezni prebavil (K00-K93);2015 Vzrok smrti Poškodbe, zastrupitve in nekatere druge posledice zunanjih vzrokov (S00-T98);2015 Vzrok smrti na 1000 prebivalcev Vzrok smrti - SKUPAJ;2015 Vzrok smrti na 1000 prebivalcev Nekatere infekcijske in parazitske bolezni (A00-B99);2015 Vzrok smrti na 1000 prebivalcev Neoplazme (C00-D48);2015 Vzrok smrti na 1000 prebivalcev Bolezni obtoèil (I00-I99);2015 Vzrok smrti na 1000 prebivalcev Bolezni dihal (J00-J99);2015 Vzrok smrti na 1000 prebivalcev Bolezni prebavil (K00-K93);2015 Vzrok smrti na 1000 prebivalcev Poškodbe, zastrupitve in nekatere druge posledice zunanjih vzrokov (S00-T98);2016 Vzrok smrti Vzrok smrti - SKUPAJ;2016 Vzrok smrti Nekatere infekcijske in parazitske bolezni (A00-B99);2016 Vzrok smrti Neoplazme (C00-D48);2016 Vzrok smrti Bolezni obtoèil (I00-I99);2016 Vzrok smrti Bolezni dihal (J00-J99);2016 Vzrok smrti Bolezni prebavil (K00-K93);2016 Vzrok smrti Poškodbe, zastrupitve in nekatere druge posledice zunanjih vzrokov (S00-T98);2016 Vzrok smrti na 1000 prebivalcev Vzrok smrti - SKUPAJ;2016 Vzrok smrti na 1000 prebivalcev Nekatere infekcijske in parazitske bolezni (A00-B99);2016 Vzrok smrti na 1000 prebivalcev Neoplazme (C00-D48);2016 Vzrok smrti na 1000 prebivalcev Bolezni obtoèil (I00-I99);2016 Vzrok smrti na 1000 prebivalcev Bolezni dihal (J00-J99);2016 Vzrok smrti na 1000 prebivalcev Bolezni prebavil (K00-K93);2016 Vzrok smrti na 1000 prebivalcev Poškodbe, zastrupitve in nekatere druge posledice zunanjih vzrokov (S00-T98);2017 Vzrok smrti Vzrok smrti - SKUPAJ;2017 Vzrok smrti Nekatere infekcijske in parazitske bolezni (A00-B99);2017 Vzrok smrti Neoplazme (C00-D48);2017 Vzrok smrti Bolezni obtoèil (I00-I99);2017 Vzrok smrti Bolezni dihal (J00-J99);2017 Vzrok smrti Bolezni prebavil (K00-K93);2017 Vzrok smrti Poškodbe, zastrupitve in nekatere druge posledice zunanjih vzrokov (S00-T98);2017 Vzrok smrti na 1000 prebivalcev Vzrok smrti - SKUPAJ;2017 Vzrok smrti na 1000 prebivalcev Nekatere infekcijske in parazitske bolezni (A00-B99);2017 Vzrok smrti na 1000 prebivalcev Neoplazme (C00-D48);2017 Vzrok smrti na 1000 prebivalcev Bolezni obtoèil (I00-I99);2017 Vzrok smrti na 1000 prebivalcev Bolezni dihal (J00-J99);2017 Vzrok smrti na 1000 prebivalcev Bolezni prebavil (K00-K93);2017 Vzrok smrti na 1000 prebivalcev Poškodbe, zastrupitve in nekatere druge posledice zunanjih vzrokov (S00-T98);2018 Vzrok smrti Vzrok smrti - SKUPAJ;2018 Vzrok smrti Nekatere infekcijske in parazitske bolezni (A00-B99);2018 Vzrok smrti Neoplazme (C00-D48);2018 Vzrok smrti Bolezni obtoèil (I00-I99);2018 Vzrok smrti Bolezni dihal (J00-J99);2018 Vzrok smrti Bolezni prebavil (K00-K93);2018 Vzrok smrti Poškodbe, zastrupitve in nekatere druge posledice zunanjih vzrokov (S00-T98);2018 Vzrok smrti na 1000 prebivalcev Vzrok smrti - SKUPAJ;2018 Vzrok smrti na 1000 prebivalcev Nekatere infekcijske in parazitske bolezni (A00-B99);2018 Vzrok smrti na 1000 prebivalcev Neoplazme (C00-D48);2018 Vzrok smrti na 1000 prebivalcev Bolezni obtoèil (I00-I99);2018 Vzrok smrti na 1000 prebivalcev Bolezni dihal (J00-J99);2018 Vzrok smrti na 1000 prebivalcev Bolezni prebavil (K00-K93);2018 Vzrok smrti na 1000 prebivalcev Poškodbe, zastrupitve in nekatere druge posledice zunanjih vzrokov (S00-T98);2019 Vzrok smrti Vzrok smrti - SKUPAJ;2019 Vzrok smrti Nekatere infekcijske in parazitske bolezni (A00-B99);2019 Vzrok smrti Neoplazme (C00-D48);2019 Vzrok smrti Bolezni obtoèil (I00-I99);2019 Vzrok smrti Bolezni dihal (J00-J99);2019 Vzrok smrti Bolezni prebavil (K00-K93);2019 Vzrok smrti Poškodbe, zastrupitve in nekatere druge posledice zunanjih vzrokov (S00-T98);2019 Vzrok smrti na 1000 prebivalcev Vzrok smrti - SKUPAJ;2019 Vzrok smrti na 1000 prebivalcev Nekatere infekcijske in parazitske bolezni (A00-B99);2019 Vzrok smrti na 1000 prebivalcev Neoplazme (C00-D48);2019 Vzrok smrti na 1000 prebivalcev Bolezni obtoèil (I00-I99);2019 Vzrok smrti na 1000 prebivalcev Bolezni dihal (J00-J99);2019 Vzrok smrti na 1000 prebivalcev Bolezni prebavil (K00-K93);2019 Vzrok smrti na 1000 prebivalcev Poškodbe, zastrupitve in nekatere druge posledice zunanjih vzrokov (S00-T98);2020 Vzrok smrti Vzrok smrti - SKUPAJ;2020 Vzrok smrti Nekatere infekcijske in parazitske bolezni (A00-B99);2020 Vzrok smrti Neoplazme (C00-D48);2020 Vzrok smrti Bolezni obtoèil (I00-I99);2020 Vzrok smrti Bolezni dihal (J00-J99);2020 Vzrok smrti Bolezni prebavil (K00-K93);2020 Vzrok smrti Poškodbe, zastrupitve in nekatere druge posledice zunanjih vzrokov (S00-T98);2020 Vzrok smrti na 1000 prebivalcev Vzrok smrti - SKUPAJ;2020 Vzrok smrti na 1000 prebivalcev Nekatere infekcijske in parazitske bolezni (A00-B99);2020 Vzrok smrti na 1000 prebivalcev Neoplazme (C00-D48);2020 Vzrok smrti na 1000 prebivalcev Bolezni obtoèil (I00-I99);2020 Vzrok smrti na 1000 prebivalcev Bolezni dihal (J00-J99);2020 Vzrok smrti na 1000 prebivalcev Bolezni prebavil (K00-K93);2020 Vzrok smrti na 1000 prebivalcev Poškodbe, zastrupitve in nekatere druge posledice zunanjih vzrokov (S00-T98);2021 Vzrok smrti Vzrok smrti - SKUPAJ;2021 Vzrok smrti Nekatere infekcijske in parazitske bolezni (A00-B99);2021 Vzrok smrti Neoplazme (C00-D48);2021 Vzrok smrti Bolezni obtoèil (I00-I99);2021 Vzrok smrti Bolezni dihal (J00-J99);2021 Vzrok smrti Bolezni prebavil (K00-K93);2021 Vzrok smrti Poškodbe, zastrupitve in nekatere druge posledice zunanjih vzrokov (S00-T98);2021 Vzrok smrti na 1000 prebivalcev Vzrok smrti - SKUPAJ;2021 Vzrok smrti na 1000 prebivalcev Nekatere infekcijske in parazitske bolezni (A00-B99);2021 Vzrok smrti na 1000 prebivalcev Neoplazme (C00-D48);2021 Vzrok smrti na 1000 prebivalcev Bolezni obtoèil (I00-I99);2021 Vzrok smrti na 1000 prebivalcev Bolezni dihal (J00-J99);2021 Vzrok smrti na 1000 prebivalcev Bolezni prebavil (K00-K93);2021 Vzrok smrti na 1000 prebivalcev Poškodbe, zastrupitve in nekatere druge posledice zunanjih vzrokov (S00-T98)
Spol - SKUPAJ;SLOVENIJA;18701;...;5063;7168;1406;1224;1489;9.4;...;2.5;3.6;0.7;0.6;0.7;19451;...;5147;7337;1570;1267;1596;9.7;...;2.6;3.7;0.8;0.6;0.8;18523;...;5134;7111;1460;1180;1492;9.3;...;2.6;3.6;0.7;0.6;0.7;18825;...;5194;7648;1399;1055;1435;9.4;...;2.6;3.8;0.7;0.5;0.7;18180;...;5345;7226;1238;1040;1590;9.1;...;2.7;3.6;0.6;0.5;0.8;18584;...;5624;7613;1062;1197;1597;9.2;...;2.8;3.8;0.5;0.6;0.8;18308;...;5762;7237;1144;1184;1404;9.1;...;2.8;3.6;0.6;0.6;0.7;18750;...;5805;7475;1271;1160;1450;9.2;...;2.8;3.7;0.6;0.6;0.7;18609;...;5902;7385;1122;1179;1363;9.1;...;2.9;3.6;0.5;0.6;0.7;18699;...;5896;7313;1197;1139;1363;9.1;...;2.9;3.6;0.6;0.6;0.7;19257;...;5847;7570;1386;1185;1357;9.4;...;2.8;3.7;0.7;0.6;0.7;19334;...;6084;7504;1335;1089;1379;9.4;...;3.0;3.6;0.6;0.5;0.7;18886;...;5910;7755;1152;973;1207;9.2;...;2.9;3.8;0.6;0.5;0.6;19834;...;6231;7982;1306;875;1336;9.6;...;3.0;3.9;0.6;0.4;0.6;19689;...;6248;7810;1266;896;1330;9.5;...;3.0;3.8;0.6;0.4;0.6;20509;...;6382;8005;1280;912;1467;9.9;...;3.1;3.9;0.6;0.4;0.7;20485;...;6606;7861;1079;888;1437;9.9;...;3.2;3.8;0.5;0.4;0.7;20588;...;6353;7887;1077;901;1403;9.9;...;3.0;3.8;0.5;0.4;0.7;24016;3523;6481;7747;800;934;1610;11.4;1.7;3.1;3.7;0.4;0.4;0.8;23261;3175;6302;7570;671;882;1729;11.0;1.5;3.0;3.6;0.3;0.4;0.8
Spol - SKUPAJ;Pomurska;1429;...;336;637;78;99;91;11.5;...;2.7;5.1;0.6;0.8;0.7;1509;...;355;609;136;99;123;12.2;...;2.9;4.9;1.1;0.8;1.0;1382;...;326;620;99;90;94;11.2;...;2.7;5.0;0.8;0.7;0.8;1422;...;353;648;109;70;110;11.6;...;2.9;5.3;0.9;0.6;0.9;1318;...;349;544;112;77;117;10.8;...;2.9;4.5;0.9;0.6;1.0;1338;...;354;600;69;98;120;11.0;...;2.9;4.9;0.6;0.8;1.0;1337;...;367;603;88;95;94;11.1;...;3.0;5.0;0.7;0.8;0.8;1377;...;404;600;87;78;100;11.5;...;3.4;5.0;0.7;0.7;0.8;1318;...;361;609;78;88;76;11.0;...;3.0;5.1;0.7;0.7;0.6;1411;...;400;650;86;90;68;11.8;...;3.4;5.5;0.7;0.8;0.6;1335;...;364;594;101;78;74;11.3;...;3.1;5.0;0.9;0.7;0.6;1366;...;384;581;115;77;72;11.6;...;3.3;4.9;1.0;0.7;0.6;1368;...;362;628;112;83;64;11.7;...;3.1;5.4;1.0;0.7;0.5;1353;...;388;639;95;52;55;11.6;...;3.3;5.5;0.8;0.4;0.5;1361;...;383;599;86;63;76;11.8;...;3.3;5.2;0.7;0.5;0.7;1376;...;397;597;76;57;73;11.9;...;3.4;5.2;0.7;0.5;0.6;1401;...;408;597;74;64;71;12.2;...;3.6;5.2;0.6;0.6;0.6;1462;...;417;632;77;73;68;12.8;...;3.6;5.5;0.7;0.6;0.6;1705;392;349;582;41;61;94;14.9;3.4;3.1;5.1;0.4;0.5;0.8;1560;269;381;525;50;57;106;13.6;2.3;3.3;4.6;0.4;0.5;0.9
Spol - SKUPAJ;Podravska;3113;...;816;1145;267;247;236;9.7;...;2.6;3.6;0.8;0.8;0.7;3328;...;814;1312;245;269;297;10.4;...;2.5;4.1;0.8;0.8;0.9;3168;...;803;1255;255;249;256;9.9;...;2.5;3.9;0.8;0.8;0.8;3268;...;846;1358;210;217;250;10.2;...;2.6;4.3;0.7;0.7;0.8;3206;...;848;1338;180;200;283;10.0;...;2.7;4.2;0.6;0.6;0.9;3205;...;908;1342;163;235;290;10.0;...;2.8;4.2;0.5;0.7;0.9;3161;...;860;1355;183;251;236;9.9;...;2.7;4.2;0.6;0.8;0.7;3126;...;922;1277;179;240;240;9.7;...;2.9;4.0;0.6;0.7;0.7;3165;...;947;1273;139;243;257;9.8;...;2.9;3.9;0.4;0.8;0.8;3275;...;1011;1253;195;245;281;10.1;...;3.1;3.9;0.6;0.8;0.9;3207;...;928;1271;205;256;232;9.9;...;2.9;3.9;0.6;0.8;0.7;3358;...;1019;1309;224;219;257;10.4;...;3.2;4.1;0.7;0.7;0.8;3131;...;928;1302;168;200;228;9.7;...;2.9;4.0;0.5;0.6;0.7;3476;...;1059;1417;212;188;239;10.8;...;3.3;4.4;0.7;0.6;0.7;3398;...;1033;1334;240;186;223;10.6;...;3.2;4.1;0.7;0.6;0.7;3544;...;1086;1404;222;185;253;11.0;...;3.4;4.4;0.7;0.6;0.8;3603;...;1071;1407;211;171;248;11.2;...;3.3;4.4;0.7;0.5;0.8;3452;...;1016;1340;206;161;222;10.6;...;3.1;4.1;0.6;0.5;0.7;4184;616;1107;1340;151;183;284;12.8;1.9;3.4;4.1;0.5;0.6;0.9;4067;684;1015;1268;124;188;280;12.4;2.1;3.1;3.9;0.4;0.6;0.9
Spol - SKUPAJ;Koroška;654;...;189;232;53;34;63;8.8;...;2.6;3.1;0.7;0.5;0.9;679;...;192;224;54;44;73;9.2;...;2.6;3.0;0.7;0.6;1.0;680;...;170;272;40;43;70;9.2;...;2.3;3.7;0.5;0.6;0.9;701;...;182;285;59;40;49;9.5;...;2.5;3.9;0.8;0.5;0.7;675;...;213;254;41;44;67;9.2;...;2.9;3.4;0.6;0.6;0.9;652;...;203;233;44;42;58;8.9;...;2.8;3.2;0.6;0.6;0.8;681;...;231;267;41;52;40;9.3;...;3.2;3.7;0.6;0.7;0.5;670;...;220;246;48;46;50;9.2;...;3.0;3.4;0.7;0.6;0.7;652;...;226;241;50;32;56;9.0;...;3.1;3.3;0.7;0.4;0.8;738;...;225;310;55;50;47;10.2;...;3.1;4.3;0.8;0.7;0.6;672;...;201;280;41;43;40;9.3;...;2.8;3.9;0.6;0.6;0.6;693;...;215;273;53;43;53;9.6;...;3.0;3.8;0.7;0.6;0.7;660;...;219;267;46;35;37;9.2;...;3.1;3.7;0.6;0.5;0.5;701;...;216;270;47;37;62;9.8;...;3.0;3.8;0.7;0.5;0.9;731;...;255;272;46;33;57;10.3;...;3.6;3.8;0.6;0.5;0.8;689;...;225;263;48;30;47;9.7;...;3.2;3.7;0.7;0.4;0.7;704;...;229;271;42;34;47;10.0;...;3.2;3.8;0.6;0.5;0.7;762;...;264;283;36;24;53;10.8;...;3.7;4.0;0.5;0.3;0.7;871;173;207;288;22;39;56;12.3;2.4;2.9;4.1;0.3;0.6;0.8;802;96;230;279;21;23;61;11.4;1.4;3.3;3.9;0.3;0.3;0.9
Spol - SKUPAJ;Savinjska;2555;...;653;986;177;159;235;9.9;...;2.5;3.8;0.7;0.6;0.9;2598;...;670;932;253;191;234;10.1;...;2.6;3.6;1.0;0.7;0.9;2463;...;633;891;240;189;225;9.6;...;2.5;3.5;0.9;0.7;0.9;2349;...;651;894;202;154;185;9.1;...;2.5;3.5;0.8;0.6;0.7;2344;...;670;899;180;163;221;9.1;...;2.6;3.5;0.7;0.6;0.9;2299;...;682;926;148;161;203;8.8;...;2.6;3.6;0.6;0.6;0.8;2365;...;760;870;150;170;198;9.2;...;2.9;3.4;0.6;0.7;0.8;2425;...;702;936;209;156;212;9.3;...;2.7;3.6;0.8;0.6;0.8;2413;...;745;930;173;177;188;9.3;...;2.9;3.6;0.7;0.7;0.7;2367;...;699;897;192;164;174;9.1;...;2.7;3.4;0.7;0.6;0.7;2564;...;741;993;226;190;182;9.8;...;2.8;3.8;0.9;0.7;0.7;2462;...;711;954;211;144;193;9.5;...;2.7;3.7;0.8;0.6;0.7;2420;...;722;954;198;137;160;9.3;...;2.8;3.7;0.8;0.5;0.6;2521;...;759;948;232;119;179;9.9;...;3.0;3.7;0.9;0.5;0.7;2476;...;669;1025;185;126;176;9.7;...;2.6;4.0;0.7;0.5;0.7;2643;...;763;1038;196;145;196;10.4;...;3.0;4.1;0.8;0.6;0.8;2526;...;771;971;176;112;184;9.9;...;3.0;3.8;0.7;0.4;0.7;2529;...;739;977;152;117;176;9.8;...;2.9;3.8;0.6;0.5;0.7;3080;441;810;1002;139;133;188;11.9;1.7;3.1;3.9;0.5;0.5;0.7;3040;442;757;1012;115;126;223;11.8;1.7;2.9;3.9;0.4;0.5;0.9
Spol - SKUPAJ;Zasavska;513;...;138;210;50;31;35;11.1;...;3.0;4.6;1.1;0.7;0.8;477;...;144;161;41;30;37;10.4;...;3.1;3.5;0.9;0.7;0.8;496;...;143;185;41;32;36;10.9;...;3.1;4.1;0.9;0.7;0.8;536;...;151;223;39;47;32;11.8;...;3.3;4.9;0.9;1.0;0.7;459;...;148;187;31;28;26;10.1;...;3.3;4.1;0.7;0.6;0.6;443;...;124;183;20;31;45;9.8;...;2.7;4.0;0.4;0.7;1.0;465;...;153;188;25;31;33;10.4;...;3.4;4.2;0.6;0.7;0.7;451;...;153;168;41;24;37;10.1;...;3.4;3.8;0.9;0.5;0.8;484;...;157;191;40;24;30;10.9;...;3.5;4.3;0.9;0.5;0.7;502;...;162;175;37;28;37;11.4;...;3.7;4.0;0.8;0.6;0.8;480;...;178;161;47;25;35;11.0;...;4.1;3.7;1.1;0.6;0.8;515;...;190;175;45;36;22;11.9;...;4.4;4.0;1.0;0.8;0.5;500;...;167;174;39;39;38;11.7;...;3.9;4.1;0.9;0.9;0.9;608;...;194;219;38;38;49;10.6;...;3.4;3.8;0.7;0.7;0.9;619;...;229;228;31;25;42;10.8;...;4.0;4.0;0.5;0.4;0.7;637;...;213;237;41;17;56;11.1;...;3.7;4.1;0.7;0.3;1.0;614;...;220;208;36;32;53;10.8;...;3.9;3.6;0.6;0.6;0.9;615;...;179;230;53;26;36;10.8;...;3.1;4.0;0.9;0.5;0.6;706;74;211;232;25;40;55;12.4;1.3;3.7;4.1;0.4;0.7;1.0;761;123;200;246;26;34;52;13.4;2.2;3.5;4.3;0.5;0.6;0.9
Spol - SKUPAJ;Posavska;768;...;207;321;28;53;52;11.0;...;3.0;4.6;0.4;0.8;0.7;753;...;187;342;36;54;57;10.7;...;2.7;4.9;0.5;0.8;0.8;762;...;185;325;43;64;59;10.9;...;2.6;4.6;0.6;0.9;0.8;720;...;171;348;50;44;52;10.3;...;2.4;5.0;0.7;0.6;0.7;748;...;187;350;49;48;52;10.7;...;2.7;5.0;0.7;0.7;0.7;776;...;193;363;42;60;62;11.0;...;2.7;5.2;0.6;0.9;0.9;736;...;181;358;32;50;71;10.5;...;2.6;5.1;0.5;0.7;1.0;763;...;183;371;34;70;49;10.9;...;2.6;5.3;0.5;1.0;0.7;796;...;224;362;40;52;53;11.3;...;3.2;5.2;0.6;0.7;0.8;756;...;202;320;37;64;51;10.8;...;2.9;4.6;0.5;0.9;0.7;812;...;226;354;36;63;51;11.6;...;3.2;5.0;0.5;0.9;0.7;779;...;218;331;35;57;56;11.1;...;3.1;4.7;0.5;0.8;0.8;771;...;191;366;39;37;50;11.0;...;2.7;5.2;0.6;0.5;0.7;835;...;215;398;38;49;49;11.0;...;2.8;5.3;0.5;0.6;0.6;860;...;255;372;51;42;48;11.4;...;3.4;4.9;0.7;0.6;0.6;812;...;228;326;42;47;56;10.8;...;3.0;4.3;0.6;0.6;0.7;839;...;251;351;35;43;53;11.1;...;3.3;4.7;0.5;0.6;0.7;823;...;243;322;30;38;59;10.9;...;3.2;4.2;0.4;0.5;0.8;940;139;223;335;21;43;68;12.4;1.8;2.9;4.4;0.3;0.6;0.9;956;155;239;345;23;28;62;12.6;2.0;3.2;4.6;0.3;0.4;0.8
Spol - SKUPAJ;Jugovzhodna Slovenija;1315;...;347;496;105;98;103;9.5;...;2.5;3.6;0.8;0.7;0.7;1354;...;366;494;107;95;116;9.7;...;2.6;3.6;0.8;0.7;0.8;1271;...;352;472;107;91;114;9.2;...;2.5;3.4;0.8;0.7;0.8;1316;...;340;542;91;84;135;9.4;...;2.4;3.9;0.7;0.6;1.0;1214;...;353;483;57;100;107;8.7;...;2.5;3.4;0.4;0.7;0.8;1374;...;381;584;66;112;110;9.7;...;2.7;4.1;0.5;0.8;0.8;1237;...;394;426;77;100;103;8.8;...;2.8;3.0;0.5;0.7;0.7;1375;...;401;514;103;92;122;9.7;...;2.8;3.6;0.7;0.6;0.9;1297;...;398;505;82;104;92;9.1;...;2.8;3.5;0.6;0.7;0.6;1317;...;420;484;80;91;109;9.2;...;2.9;3.4;0.6;0.6;0.8;1358;...;384;515;106;112;100;9.5;...;2.7;3.6;0.7;0.8;0.7;1354;...;427;487;97;102;93;9.5;...;3.0;3.4;0.7;0.7;0.7;1348;...;426;539;68;72;78;9.5;...;3.0;3.8;0.5;0.5;0.5;1425;...;447;576;93;71;85;10.0;...;3.1;4.0;0.7;0.5;0.6;1391;...;401;559;81;86;90;9.7;...;2.8;3.9;0.6;0.6;0.6;1464;...;448;530;94;70;120;10.3;...;3.1;3.7;0.7;0.5;0.8;1514;...;472;575;67;79;108;10.6;...;3.3;4.0;0.5;0.6;0.8;1464;...;430;582;52;84;101;10.1;...;3.0;4.0;0.4;0.6;0.7;1703;272;442;498;60;68;126;11.7;1.9;3.0;3.4;0.4;0.5;0.9;1628;213;441;517;51;64;133;11.2;1.5;3.0;3.5;0.3;0.4;0.9
Spol - SKUPAJ;Osrednjeslovenska;3963;...;1171;1471;327;231;325;8.0;...;2.4;3.0;0.7;0.5;0.7;4210;...;1207;1509;335;229;328;8.5;...;2.4;3.1;0.7;0.5;0.7;4051;...;1257;1460;312;209;348;8.2;...;2.5;2.9;0.6;0.4;0.7;4126;...;1206;1571;313;203;326;8.3;...;2.4;3.2;0.6;0.4;0.7;4041;...;1337;1471;307;176;341;8.0;...;2.7;2.9;0.6;0.4;0.7;4021;...;1335;1521;236;252;339;7.9;...;2.6;3.0;0.5;0.5;0.7;3983;...;1401;1449;228;215;336;7.7;...;2.7;2.8;0.4;0.4;0.7;4061;...;1369;1576;258;219;283;7.7;...;2.6;3.0;0.5;0.4;0.5;4080;...;1399;1523;223;217;336;7.7;...;2.6;2.9;0.4;0.4;0.6;4073;...;1407;1548;249;192;293;7.6;...;2.6;2.9;0.5;0.4;0.5;4289;...;1379;1613;287;209;335;8.0;...;2.6;3.0;0.5;0.4;0.6;4247;...;1463;1619;246;199;299;7.8;...;2.7;3.0;0.5;0.4;0.6;4162;...;1407;1702;218;172;251;7.6;...;2.6;3.1;0.4;0.3;0.5;4270;...;1469;1627;250;155;291;8.0;...;2.7;3.0;0.5;0.3;0.5;4155;...;1457;1536;256;142;307;7.7;...;2.7;2.9;0.5;0.3;0.6;4504;...;1517;1697;249;157;321;8.3;...;2.8;3.1;0.5;0.3;0.6;4470;...;1574;1625;194;176;311;8.2;...;2.9;3.0;0.4;0.3;0.6;4595;...;1502;1664;229;196;348;8.3;...;2.7;3.0;0.4;0.4;0.6;5316;720;1540;1662;147;174;352;9.6;1.3;2.8;3.0;0.3;0.3;0.6;5185;552;1539;1643;106;180;423;9.3;1.0;2.8;3.0;0.2;0.3;0.8
Spol - SKUPAJ;Gorenjska;1631;...;482;602;100;100;139;8.3;...;2.4;3.0;0.5;0.5;0.7;1708;...;472;637;141;101;127;8.6;...;2.4;3.2;0.7;0.5;0.6;1612;...;510;598;118;75;130;8.1;...;2.6;3.0;0.6;0.4;0.7;1626;...;483;644;113;75;126;8.2;...;2.4;3.2;0.6;0.4;0.6;1546;...;492;591;89;85;158;7.7;...;2.5;3.0;0.4;0.4;0.8;1742;...;549;710;99;79;172;8.7;...;2.7;3.5;0.5;0.4;0.9;1675;...;593;620;113;89;110;8.3;...;3.0;3.1;0.6;0.4;0.5;1695;...;565;638;115;97;151;8.4;...;2.8;3.2;0.6;0.5;0.7;1715;...;597;670;95;98;121;8.4;...;2.9;3.3;0.5;0.5;0.6;1654;...;566;621;92;88;131;8.1;...;2.8;3.0;0.5;0.4;0.6;1691;...;558;649;125;75;121;8.3;...;2.7;3.2;0.6;0.4;0.6;1754;...;590;677;109;87;128;8.6;...;2.9;3.3;0.5;0.4;0.6;1730;...;600;661;99;82;119;8.5;...;2.9;3.2;0.5;0.4;0.6;1774;...;590;703;108;75;134;8.7;...;2.9;3.4;0.5;0.4;0.7;1764;...;615;688;94;84;121;8.7;...;3.0;3.4;0.5;0.4;0.6;1925;...;661;692;112;89;135;9.4;...;3.2;3.4;0.5;0.4;0.7;1875;...;632;692;102;62;147;9.2;...;3.1;3.4;0.5;0.3;0.7;1906;...;620;690;89;71;134;9.3;...;3.0;3.4;0.4;0.3;0.7;2299;322;682;704;81;79;154;11.1;1.5;3.3;3.4;0.4;0.4;0.7;2058;241;605;676;59;75;145;9.7;1.1;2.9;3.2;0.3;0.4;0.7
Spol - SKUPAJ;Primorsko-notranjska;552;...;125;209;46;29;32;10.9;...;2.5;4.1;0.9;0.6;0.6;569;...;136;198;43;39;41;11.2;...;2.7;3.9;0.8;0.8;0.8;493;...;123;200;38;27;37;9.7;...;2.4;3.9;0.7;0.5;0.7;541;...;159;228;52;19;29;10.6;...;3.1;4.5;1.0;0.4;0.6;498;...;108;228;44;25;33;9.7;...;2.1;4.4;0.9;0.5;0.6;546;...;159;231;44;22;45;10.5;...;3.1;4.5;0.8;0.4;0.9;545;...;157;210;50;24;43;10.5;...;3.0;4.1;1.0;0.5;0.8;519;...;156;197;41;23;52;9.9;...;3.0;3.8;0.8;0.4;1.0;535;...;144;219;58;22;35;10.2;...;2.8;4.2;1.1;0.4;0.7;465;...;127;181;38;20;40;8.9;...;2.4;3.5;0.7;0.4;0.8;557;...;158;217;42;27;49;10.6;...;3.0;4.1;0.8;0.5;0.9;520;...;150;212;38;22;39;9.9;...;2.9;4.0;0.7;0.4;0.7;560;...;150;251;35;21;40;10.7;...;2.9;4.8;0.7;0.4;0.8;566;...;159;247;34;16;40;10.8;...;3.0;4.7;0.6;0.3;0.8;559;...;168;245;47;16;33;10.6;...;3.2;4.7;0.9;0.3;0.6;557;...;154;252;38;15;38;10.6;...;2.9;4.8;0.7;0.3;0.7;559;...;173;262;27;12;34;10.7;...;3.3;5.0;0.5;0.2;0.6;605;...;173;249;34;26;37;11.5;...;3.3;4.7;0.6;0.5;0.7;649;78;172;229;16;28;48;12.2;1.5;3.2;4.3;0.3;0.5;0.9;622;85;154;223;17;14;50;11.7;1.6;2.9;4.2;0.3;0.3;0.9
Spol - SKUPAJ;Goriška;1221;...;328;514;93;75;95;10.2;...;2.7;4.3;0.8;0.6;0.8;1243;...;325;544;92;64;80;10.4;...;2.7;4.5;0.8;0.5;0.7;1168;...;334;485;81;68;65;9.8;...;2.8;4.1;0.7;0.6;0.5;1235;...;338;539;98;51;78;10.3;...;2.8;4.5;0.8;0.4;0.7;1184;...;354;515;74;55;99;9.9;...;3.0;4.3;0.6;0.5;0.8;1179;...;396;531;61;50;68;9.8;...;3.3;4.4;0.5;0.4;0.6;1215;...;359;538;82;66;84;10.2;...;3.0;4.5;0.7;0.6;0.7;1252;...;379;546;71;75;88;10.5;...;3.2;4.6;0.6;0.6;0.7;1155;...;341;511;77;54;68;9.7;...;2.9;4.3;0.6;0.5;0.6;1156;...;360;508;62;59;70;9.7;...;3.0;4.3;0.5;0.5;0.6;1288;...;420;533;87;54;79;10.8;...;3.5;4.5;0.7;0.5;0.7;1265;...;383;523;90;61;96;10.6;...;3.2;4.4;0.8;0.5;0.8;1260;...;390;537;69;60;88;10.6;...;3.3;4.5;0.6;0.5;0.7;1266;...;411;521;73;39;87;10.7;...;3.5;4.4;0.6;0.3;0.7;1296;...;412;535;80;52;90;11.0;...;3.5;4.5;0.7;0.4;0.8;1310;...;390;539;84;51;105;11.1;...;3.3;4.6;0.7;0.4;0.9;1244;...;406;496;57;50;97;10.6;...;3.5;4.2;0.5;0.4;0.8;1287;...;412;521;64;42;100;10.9;...;3.5;4.4;0.5;0.4;0.8;1354;172;375;463;56;42;104;11.4;1.5;3.2;3.9;0.5;0.4;0.9;1396;177;375;471;44;55;116;11.8;1.5;3.2;4.0;0.4;0.5;1.0
Spol - SKUPAJ;Obalno-kraška;987;...;271;345;82;68;83;9.4;...;2.6;3.3;0.8;0.7;0.8;1023;...;279;375;87;52;83;9.7;...;2.7;3.6;0.8;0.5;0.8;977;...;298;348;86;43;58;9.3;...;2.8;3.3;0.8;0.4;0.6;985;...;314;368;63;51;63;9.4;...;3.0;3.5;0.6;0.5;0.6;947;...;286;366;74;39;86;8.9;...;2.7;3.4;0.7;0.4;0.8;1009;...;340;389;70;55;85;9.4;...;3.2;3.6;0.7;0.5;0.8;908;...;306;353;75;41;56;8.4;...;2.8;3.3;0.7;0.4;0.5;1036;...;351;406;85;40;66;9.4;...;3.2;3.7;0.8;0.4;0.6;999;...;363;351;67;68;51;9.0;...;3.3;3.2;0.6;0.6;0.5;985;...;317;366;74;48;62;8.9;...;2.9;3.3;0.7;0.4;0.6;1004;...;310;390;83;53;59;9.0;...;2.8;3.5;0.7;0.5;0.5;1021;...;334;363;72;42;71;9.1;...;3.0;3.2;0.6;0.4;0.6;976;...;348;374;61;35;54;8.7;...;3.1;3.3;0.5;0.3;0.5;1039;...;324;417;86;36;66;9.2;...;2.9;3.7;0.8;0.3;0.6;1079;...;371;417;69;41;67;9.5;...;3.3;3.7;0.6;0.4;0.6;1048;...;300;430;78;49;67;9.2;...;2.6;3.8;0.7;0.4;0.6;1136;...;399;406;58;53;84;10.0;...;3.5;3.6;0.5;0.5;0.7;1088;...;358;397;55;43;69;9.4;...;3.1;3.4;0.5;0.4;0.6;1209;124;363;412;41;44;81;10.3;1.1;3.1;3.5;0.4;0.4;0.7;1186;138;366;365;35;38;78;10.0;1.2;3.1;3.1;0.3;0.3;0.7
Moški;SLOVENIJA;9696;...;2851;3167;770;715;1069;9.9;...;2.9;3.2;0.8;0.7;1.1;10075;...;2863;3266;840;759;1109;10.3;...;2.9;3.3;0.9;0.8;1.1;9479;...;2848;3157;781;663;1019;9.7;...;2.9;3.2;0.8;0.7;1.0;9413;...;2839;3295;758;603;973;9.6;...;2.9;3.4;0.8;0.6;1.0;9270;...;2961;3110;645;620;1101;9.4;...;3.0;3.2;0.7;0.6;1.1;9473;...;3194;3229;567;698;1079;9.5;...;3.2;3.2;0.6;0.7;1.1;9174;...;3166;3039;580;698;928;9.2;...;3.2;3.0;0.6;0.7;0.9;9293;...;3256;3044;610;665;932;9.2;...;3.2;3.0;0.6;0.7;0.9;9292;...;3255;3090;564;666;903;9.2;...;3.2;3.0;0.6;0.7;0.9;9235;...;3276;2997;605;622;882;9.1;...;3.2;3.0;0.6;0.6;0.9;9412;...;3273;3008;673;687;852;9.3;...;3.2;3.0;0.7;0.7;0.8;9555;...;3394;3056;631;629;867;9.4;...;3.3;3.0;0.6;0.6;0.9;9208;...;3301;3071;576;548;753;9.0;...;3.2;3.0;0.6;0.5;0.7;9739;...;3489;3184;631;480;846;9.5;...;3.4;3.1;0.6;0.5;0.8;9673;...;3509;3135;604;478;845;9.4;...;3.4;3.1;0.6;0.5;0.8;10136;...;3555;3302;628;508;861;9.9;...;3.5;3.2;0.6;0.5;0.8;10113;...;3610;3298;532;490;791;9.8;...;3.5;3.2;0.5;0.5;0.8;10112;...;3557;3166;501;467;781;9.7;...;3.4;3.0;0.5;0.4;0.7;11733;1625;3623;3141;452;500;833;11.1;1.5;3.4;3.0;0.4;0.5;0.8;11841;1785;3607;3188;337;467;884;11.2;1.7;3.4;3.0;0.3;0.4;0.8
Moški;Pomurska;711;...;188;263;47;62;59;11.9;...;3.1;4.4;0.8;1.0;1.0;816;...;211;271;76;66;85;13.7;...;3.5;4.5;1.3;1.1;1.4;702;...;186;269;57;52;58;11.8;...;3.1;4.5;1.0;0.9;1.0;724;...;199;270;63;47;85;12.2;...;3.4;4.6;1.1;0.8;1.4;670;...;192;227;65;53;83;11.3;...;3.2;3.8;1.1;0.9;1.4;658;...;189;246;36;60;87;11.1;...;3.2;4.2;0.6;1.0;1.5;658;...;205;249;47;61;54;11.2;...;3.5;4.3;0.8;1.0;0.9;676;...;242;227;40;47;63;11.6;...;4.2;3.9;0.7;0.8;1.1;621;...;195;226;33;56;56;10.7;...;3.4;3.9;0.6;1.0;1.0;675;...;220;261;48;55;36;11.6;...;3.8;4.5;0.8;0.9;0.6;613;...;201;217;45;53;46;10.6;...;3.5;3.7;0.8;0.9;0.8;662;...;204;217;56;59;50;11.5;...;3.5;3.8;1.0;1.0;0.9;679;...;213;252;63;53;40;11.8;...;3.7;4.4;1.1;0.9;0.7;644;...;232;243;39;31;36;11.2;...;4.1;4.2;0.7;0.5;0.6;659;...;223;230;35;40;46;11.6;...;3.9;4.0;0.6;0.7;0.8;665;...;216;252;32;41;43;11.7;...;3.8;4.4;0.6;0.7;0.8;688;...;218;233;44;44;48;12.2;...;3.9;4.1;0.8;0.8;0.8;684;...;245;236;26;40;32;12.1;...;4.3;4.2;0.5;0.7;0.6;823;164;203;254;21;35;49;14.5;2.9;3.6;4.5;0.4;0.6;0.9;792;140;210;231;27;37;54;13.9;2.5;3.7;4.1;0.5;0.6;0.9
Moški;Podravska;1601;...;475;481;143;154;168;10.3;...;3.0;3.1;0.9;1.0;1.1;1721;...;459;586;133;158;208;11.0;...;2.9;3.8;0.9;1.0;1.3;1611;...;446;545;142;143;178;10.3;...;2.9;3.5;0.9;0.9;1.1;1631;...;459;590;111;132;154;10.5;...;2.9;3.8;0.7;0.8;1.0;1618;...;465;594;86;113;203;10.4;...;3.0;3.8;0.6;0.7;1.3;1671;...;531;587;100;139;195;10.6;...;3.4;3.7;0.6;0.9;1.2;1590;...;462;579;94;154;155;10.1;...;2.9;3.7;0.6;1.0;1.0;1569;...;530;531;95;135;146;9.8;...;3.3;3.3;0.6;0.8;0.9;1573;...;520;522;73;145;158;9.9;...;3.3;3.3;0.5;0.9;1.0;1664;...;567;514;109;142;184;10.4;...;3.6;3.2;0.7;0.9;1.2;1559;...;499;516;101;150;139;9.8;...;3.1;3.2;0.6;0.9;0.9;1677;...;588;517;116;125;153;10.5;...;3.7;3.2;0.7;0.8;1.0;1541;...;538;530;84;107;126;9.6;...;3.4;3.3;0.5;0.7;0.8;1662;...;578;572;105;88;130;10.4;...;3.6;3.6;0.7;0.5;0.8;1654;...;564;558;119;91;133;10.4;...;3.5;3.5;0.7;0.6;0.8;1777;...;603;602;118;104;146;11.1;...;3.8;3.8;0.7;0.7;0.9;1801;...;589;621;104;91;126;11.2;...;3.7;3.9;0.6;0.6;0.8;1749;...;570;585;111;78;124;10.7;...;3.5;3.6;0.7;0.5;0.8;2052;299;607;551;86;99;143;12.4;1.8;3.7;3.3;0.5;0.6;0.9;2068;384;574;551;57;108;138;12.5;2.3;3.5;3.3;0.3;0.7;0.8
Moški;Koroška;334;...;113;95;20;16;46;9.1;...;3.1;2.6;0.5;0.4;1.2;367;...;107;102;37;23;56;10.0;...;2.9;2.8;1.0;0.6;1.5;363;...;104;116;30;25;51;9.9;...;2.8;3.2;0.8;0.7;1.4;371;...;109;131;35;23;37;10.1;...;3.0;3.6;0.9;0.6;1.0;367;...;118;115;25;29;47;10.0;...;3.2;3.1;0.7;0.8;1.3;339;...;119;98;26;25;40;9.2;...;3.2;2.7;0.7;0.7;1.1;367;...;142;120;22;28;29;10.1;...;3.9;3.3;0.6;0.8;0.8;361;...;130;116;20;28;37;9.9;...;3.6;3.2;0.5;0.8;1.0;338;...;134;102;24;17;38;9.3;...;3.7;2.8;0.7;0.5;1.0;385;...;138;134;31;25;33;10.6;...;3.8;3.7;0.9;0.7;0.9;337;...;121;111;20;29;26;9.3;...;3.3;3.1;0.6;0.8;0.7;358;...;116;118;30;23;38;9.9;...;3.2;3.3;0.8;0.6;1.1;323;...;113;107;29;18;24;9.0;...;3.2;3.0;0.8;0.5;0.7;361;...;122;124;25;23;36;10.1;...;3.4;3.5;0.7;0.6;1.0;390;...;153;112;28;19;39;10.9;...;4.3;3.1;0.8;0.5;1.1;345;...;125;107;25;14;29;9.7;...;3.5;3.0;0.7;0.4;0.8;326;...;114;102;22;19;28;9.2;...;3.2;2.9;0.6;0.5;0.8;407;...;167;119;18;14;30;11.4;...;4.7;3.3;0.5;0.4;0.8;442;87;110;118;17;22;34;12.3;2.4;3.1;3.3;0.5;0.6;0.9;431;61;140;119;16;12;30;12.1;1.7;3.9;3.3;0.4;0.3;0.8
Moški;Savinjska;1323;...;353;448;103;98;175;10.4;...;2.8;3.5;0.8;0.8;1.4;1387;...;371;434;137;114;179;10.9;...;2.9;3.4;1.1;0.9;1.4;1257;...;328;409;116;107;157;9.9;...;2.6;3.2;0.9;0.8;1.2;1154;...;345;363;107;81;136;9.1;...;2.7;2.9;0.8;0.6;1.1;1187;...;375;375;100;86;144;9.3;...;2.9;2.9;0.8;0.7;1.1;1187;...;375;411;71;92;154;9.2;...;2.9;3.2;0.5;0.7;1.2;1179;...;398;353;83;109;143;9.2;...;3.1;2.7;0.6;0.8;1.1;1210;...;380;406;104;92;133;9.3;...;2.9;3.1;0.8;0.7;1.0;1221;...;418;393;89;104;134;9.4;...;3.2;3.0;0.7;0.8;1.0;1128;...;376;348;87;87;102;8.7;...;2.9;2.7;0.7;0.7;0.8;1268;...;425;385;127;114;117;9.8;...;3.3;3.0;1.0;0.9;0.9;1185;...;392;390;95;80;123;9.1;...;3.0;3.0;0.7;0.6;0.9;1156;...;383;375;93;78;102;8.9;...;2.9;2.9;0.7;0.6;0.8;1290;...;453;385;108;75;118;10.1;...;3.6;3.0;0.8;0.6;0.9;1233;...;401;400;96;71;121;9.7;...;3.1;3.1;0.8;0.6;0.9;1332;...;444;427;92;84;128;10.4;...;3.5;3.3;0.7;0.7;1.0;1284;...;438;417;80;65;103;10.0;...;3.4;3.2;0.6;0.5;0.8;1286;...;427;408;72;55;108;9.9;...;3.3;3.1;0.6;0.4;0.8;1525;222;455;401;82;71;102;11.6;1.7;3.5;3.1;0.6;0.5;0.8;1599;265;443;449;51;67;117;12.2;2.0;3.4;3.4;0.4;0.5;0.9
Moški;Zasavska;291;...;88;99;30;21;29;12.9;...;3.9;4.4;1.3;0.9;1.3;250;...;72;78;31;18;22;11.2;...;3.2;3.5;1.4;0.8;1.0;246;...;77;75;23;15;27;11.1;...;3.5;3.4;1.0;0.7;1.2;292;...;101;99;22;28;24;13.2;...;4.6;4.5;1.0;1.3;1.1;217;...;79;75;13;15;18;9.9;...;3.6;3.4;0.6;0.7;0.8;230;...;71;80;13;21;27;10.4;...;3.2;3.6;0.6;1.0;1.2;240;...;84;85;14;17;24;11.0;...;3.8;3.9;0.6;0.8;1.1;220;...;88;67;18;12;27;10.1;...;4.0;3.1;0.8;0.5;1.2;237;...;83;81;18;12;19;10.9;...;3.8;3.7;0.8;0.6;0.9;240;...;89;73;17;21;19;11.1;...;4.1;3.4;0.8;1.0;0.9;225;...;100;59;18;14;20;10.5;...;4.7;2.8;0.8;0.7;0.9;256;...;107;75;19;19;13;12.1;...;5.0;3.5;0.9;0.9;0.6;248;...;100;73;16;17;27;11.8;...;4.8;3.5;0.8;0.8;1.3;298;...;112;84;11;22;29;10.5;...;4.0;3.0;0.4;0.8;1.0;301;...;124;89;18;9;25;10.6;...;4.4;3.1;0.6;0.3;0.9;303;...;120;93;10;8;34;10.7;...;4.2;3.3;0.4;0.3;1.2;295;...;119;81;20;14;29;10.5;...;4.2;2.9;0.7;0.5;1.0;322;...;100;106;28;13;21;11.4;...;3.5;3.7;1.0;0.5;0.7;343;32;117;100;17;21;25;12.0;1.1;4.1;3.5;0.6;0.7;0.9;398;69;129;97;14;17;24;14.0;2.4;4.5;3.4;0.5;0.6;0.8
Moški;Posavska;412;...;122;144;16;35;37;11.9;...;3.5;4.2;0.5;1.0;1.1;402;...;104;154;18;35;44;11.5;...;3.0;4.4;0.5;1.0;1.3;404;...;111;149;20;38;44;11.6;...;3.2;4.3;0.6;1.1;1.3;372;...;90;164;30;25;34;10.7;...;2.6;4.7;0.9;0.7;1.0;373;...;114;140;22;27;35;10.7;...;3.3;4.0;0.6;0.8;1.0;403;...;107;153;27;42;45;11.5;...;3.1;4.4;0.8;1.2;1.3;390;...;104;162;20;25;57;11.2;...;3.0;4.7;0.6;0.7;1.6;374;...;102;150;14;40;35;10.6;...;2.9;4.3;0.4;1.1;1.0;416;...;121;162;27;27;39;11.8;...;3.4;4.6;0.8;0.8;1.1;336;...;104;119;16;32;33;9.6;...;3.0;3.4;0.5;0.9;0.9;396;...;130;136;19;36;32;11.2;...;3.7;3.9;0.5;1.0;0.9;391;...;128;137;13;34;38;11.1;...;3.6;3.9;0.4;1.0;1.1;371;...;111;147;17;20;36;10.5;...;3.1;4.2;0.5;0.6;1.0;389;...;107;149;20;29;37;10.2;...;2.8;3.9;0.5;0.8;1.0;449;...;150;157;27;32;37;11.8;...;3.9;4.1;0.7;0.8;1.0;405;...;137;130;24;24;33;10.7;...;3.6;3.4;0.6;0.6;0.9;414;...;136;143;17;25;34;10.9;...;3.6;3.8;0.4;0.7;0.9;421;...;148;132;14;20;24;10.9;...;3.8;3.4;0.4;0.5;0.6;442;59;126;124;14;26;39;11.5;1.5;3.3;3.2;0.4;0.7;1.0;502;82;150;158;11;18;36;13.1;2.1;3.9;4.1;0.3;0.5;0.9
Moški;Jugovzhodna Slovenija;711;...;202;238;62;52;74;10.4;...;3.0;3.5;0.9;0.8;1.1;714;...;216;208;61;61;78;10.4;...;3.1;3.0;0.9;0.9;1.1;646;...;207;194;59;45;74;9.4;...;3.0;2.8;0.9;0.7;1.1;681;...;199;229;53;50;92;9.8;...;2.9;3.3;0.8;0.7;1.3;655;...;213;207;25;68;82;9.4;...;3.1;3.0;0.4;1.0;1.2;714;...;237;248;31;63;82;10.1;...;3.4;3.5;0.4;0.9;1.2;616;...;208;171;38;61;69;8.8;...;3.0;2.4;0.5;0.9;1.0;685;...;235;197;43;56;80;9.6;...;3.3;2.8;0.6;0.8;1.1;640;...;233;212;34;53;64;8.9;...;3.2;3.0;0.5;0.7;0.9;663;...;237;195;45;49;68;9.2;...;3.3;2.7;0.6;0.7;0.9;707;...;217;229;49;63;68;9.9;...;3.0;3.2;0.7;0.9;0.9;676;...;235;203;37;70;59;9.4;...;3.3;2.8;0.5;1.0;0.8;687;...;260;198;34;51;51;9.6;...;3.6;2.8;0.5;0.7;0.7;690;...;242;228;46;39;55;9.6;...;3.4;3.2;0.6;0.5;0.8;660;...;224;220;32;47;50;9.2;...;3.1;3.1;0.4;0.7;0.7;731;...;263;217;46;41;68;10.1;...;3.7;3.0;0.6;0.6;0.9;748;...;269;237;34;44;59;10.3;...;3.7;3.3;0.5;0.6;0.8;708;...;250;228;24;47;60;9.6;...;3.4;3.1;0.3;0.6;0.8;844;117;271;200;33;36;66;11.3;1.6;3.6;2.7;0.4;0.5;0.9;846;126;242;228;26;35;75;11.4;1.7;3.3;3.1;0.3;0.5;1.0
Moški;Osrednjeslovenska;2037;...;640;660;161;124;232;8.5;...;2.7;2.8;0.7;0.5;1.0;2077;...;641;642;149;127;211;8.7;...;2.7;2.7;0.6;0.5;0.9;2087;...;682;672;160;123;227;8.7;...;2.8;2.8;0.7;0.5;0.9;1981;...;595;690;169;102;207;8.2;...;2.5;2.9;0.7;0.4;0.9;2007;...;703;637;157;101;224;8.2;...;2.9;2.6;0.6;0.4;0.9;1986;...;738;618;104;145;208;8.0;...;3.0;2.5;0.4;0.6;0.8;1975;...;775;602;102;121;207;7.9;...;3.1;2.4;0.4;0.5;0.8;1952;...;731;632;116;121;183;7.6;...;2.8;2.4;0.4;0.5;0.7;2019;...;760;631;113;111;216;7.7;...;2.9;2.4;0.4;0.4;0.8;2002;...;761;650;111;97;202;7.7;...;2.9;2.5;0.4;0.4;0.8;2049;...;750;638;125;114;200;7.8;...;2.9;2.4;0.5;0.4;0.8;2051;...;793;655;115;98;181;7.7;...;3.0;2.5;0.4;0.4;0.7;2012;...;766;685;109;88;146;7.5;...;2.9;2.6;0.4;0.3;0.5;2094;...;794;653;106;94;193;8.0;...;3.0;2.5;0.4;0.4;0.7;2010;...;779;623;117;64;186;7.6;...;3.0;2.4;0.4;0.2;0.7;2183;...;831;672;110;83;195;8.2;...;3.1;2.5;0.4;0.3;0.7;2190;...;817;704;90;95;165;8.2;...;3.1;2.6;0.3;0.4;0.6;2185;...;770;657;95;116;183;8.0;...;2.8;2.4;0.3;0.4;0.7;2613;340;851;683;74;85;176;9.5;1.2;3.1;2.5;0.3;0.3;0.6;2540;298;848;660;55;75;208;9.2;1.1;3.1;2.4;0.2;0.3;0.8
Moški;Gorenjska;826;...;263;247;59;51;102;8.6;...;2.7;2.6;0.6;0.5;1.1;887;...;258;302;67;54;93;9.2;...;2.7;3.1;0.7;0.6;1.0;809;...;273;260;57;43;92;8.4;...;2.8;2.7;0.6;0.4;1.0;818;...;276;282;55;39;85;8.4;...;2.8;2.9;0.6;0.4;0.9;803;...;263;264;45;59;116;8.2;...;2.7;2.7;0.5;0.6;1.2;891;...;329;291;56;37;112;9.0;...;3.3;3.0;0.6;0.4;1.1;805;...;321;245;55;38;76;8.1;...;3.2;2.5;0.6;0.4;0.8;857;...;304;265;63;55;100;8.6;...;3.0;2.6;0.6;0.5;1.0;884;...;327;303;51;52;83;8.8;...;3.3;3.0;0.5;0.5;0.8;853;...;322;270;47;46;89;8.5;...;3.2;2.7;0.5;0.5;0.9;861;...;303;274;65;47;78;8.5;...;3.0;2.7;0.6;0.5;0.8;855;...;328;268;50;46;86;8.5;...;3.3;2.7;0.5;0.5;0.9;856;...;336;265;42;49;87;8.5;...;3.3;2.6;0.4;0.5;0.9;864;...;335;279;52;35;84;8.6;...;3.3;2.8;0.5;0.3;0.8;881;...;353;282;42;45;76;8.7;...;3.5;2.8;0.4;0.4;0.8;963;...;358;294;60;45;77;9.5;...;3.5;2.9;0.6;0.4;0.8;920;...;355;283;52;27;82;9.1;...;3.5;2.8;0.5;0.3;0.8;912;...;348;262;41;32;74;8.9;...;3.4;2.5;0.4;0.3;0.7;1116;154;384;264;47;42;83;10.7;1.5;3.7;2.5;0.5;0.4;0.8;1045;144;338;281;29;43;84;9.8;1.4;3.2;2.6;0.3;0.4;0.8
Moški;Primorsko-notranjska;258;...;76;84;23;14;18;10.3;...;3.0;3.3;0.9;0.6;0.7;308;...;86;89;29;28;26;12.2;...;3.4;3.5;1.2;1.1;1.0;237;...;72;85;18;10;23;9.4;...;2.8;3.4;0.7;0.4;0.9;259;...;93;88;32;10;20;10.2;...;3.7;3.5;1.3;0.4;0.8;265;...;73;99;27;14;22;10.4;...;2.9;3.9;1.1;0.5;0.9;273;...;88;100;26;13;28;10.5;...;3.4;3.9;1.0;0.5;1.1;278;...;86;95;24;16;27;10.7;...;3.3;3.6;0.9;0.6;1.0;265;...;99;79;17;13;34;10.0;...;3.8;3.0;0.6;0.5;1.3;253;...;80;95;25;14;19;9.6;...;3.0;3.6;0.9;0.5;0.7;213;...;68;70;17;9;32;8.1;...;2.6;2.6;0.6;0.3;1.2;266;...;91;78;19;10;37;10.1;...;3.4;3.0;0.7;0.4;1.4;271;...;85;101;19;11;26;10.2;...;3.2;3.8;0.7;0.4;1.0;256;...;81;94;21;9;25;9.7;...;3.1;3.5;0.8;0.3;0.9;290;...;104;100;19;7;20;10.9;...;3.9;3.8;0.7;0.3;0.8;272;...;106;86;24;9;23;10.2;...;4.0;3.2;0.9;0.3;0.9;262;...;85;97;20;12;14;9.9;...;3.2;3.7;0.8;0.5;0.5;268;...;101;103;14;5;20;10.1;...;3.8;3.9;0.5;0.2;0.8;277;...;95;88;18;9;23;10.3;...;3.5;3.3;0.7;0.3;0.9;303;29;97;91;9;14;25;11.1;1.1;3.6;3.3;0.3;0.5;0.9;315;45;84;92;12;4;31;11.5;1.6;3.1;3.4;0.4;0.1;1.1
Moški;Goriška;641;...;179;229;60;46;67;10.8;...;3.0;3.9;1.0;0.8;1.1;597;...;173;221;51;44;49;10.1;...;2.9;3.7;0.9;0.7;0.8;603;...;185;221;46;41;49;10.2;...;3.1;3.8;0.8;0.7;0.8;600;...;192;213;48;32;58;10.2;...;3.3;3.6;0.8;0.5;1.0;587;...;191;208;34;34;70;9.9;...;3.2;3.5;0.6;0.6;1.2;583;...;225;216;37;27;46;9.8;...;3.8;3.6;0.6;0.5;0.8;613;...;201;226;41;45;49;10.4;...;3.4;3.8;0.7;0.8;0.8;609;...;218;212;32;46;52;10.2;...;3.7;3.6;0.5;0.8;0.9;548;...;177;201;42;30;47;9.2;...;3.0;3.4;0.7;0.5;0.8;551;...;197;206;35;30;42;9.3;...;3.3;3.5;0.6;0.5;0.7;653;...;260;222;42;28;54;11.0;...;4.4;3.7;0.7;0.5;0.9;627;...;211;212;51;36;55;10.6;...;3.6;3.6;0.9;0.6;0.9;594;...;213;196;38;35;57;10.0;...;3.6;3.3;0.6;0.6;1.0;581;...;215;185;41;16;63;9.8;...;3.6;3.1;0.7;0.3;1.1;604;...;228;193;33;27;62;10.2;...;3.9;3.3;0.6;0.5;1.1;644;...;218;224;44;28;56;10.9;...;3.7;3.8;0.7;0.5;1.0;623;...;226;215;27;34;55;10.6;...;3.8;3.7;0.5;0.6;0.9;608;...;228;190;26;21;57;10.2;...;3.8;3.2;0.4;0.4;1.0;642;75;203;179;25;24;55;10.7;1.3;3.4;3.0;0.4;0.4;0.9;684;91;218;187;22;31;52;11.4;1.5;3.6;3.1;0.4;0.5;0.9
Moški;Obalno-kraška;551;...;152;179;46;42;62;10.7;...;3.0;3.5;0.9;0.8;1.2;549;...;165;179;51;31;58;10.6;...;3.2;3.4;1.0;0.6;1.1;514;...;177;162;53;21;39;9.9;...;3.4;3.1;1.0;0.4;0.8;530;...;181;176;33;34;41;10.2;...;3.5;3.4;0.6;0.7;0.8;521;...;175;169;46;21;57;9.9;...;3.3;3.2;0.9;0.4;1.1;538;...;185;181;40;34;55;10.1;...;3.5;3.4;0.8;0.6;1.0;463;...;180;152;40;23;38;8.6;...;3.4;2.8;0.7;0.4;0.7;515;...;197;162;48;20;42;9.4;...;3.6;2.9;0.9;0.4;0.8;542;...;207;162;35;45;30;9.8;...;3.7;2.9;0.6;0.8;0.5;525;...;197;157;42;29;42;9.5;...;3.6;2.8;0.8;0.5;0.8;478;...;176;143;43;29;35;8.6;...;3.2;2.6;0.8;0.5;0.6;546;...;207;163;30;28;45;9.8;...;3.7;2.9;0.5;0.5;0.8;485;...;187;149;30;23;32;8.7;...;3.3;2.7;0.5;0.4;0.6;576;...;195;182;59;21;45;10.3;...;3.5;3.3;1.1;0.4;0.8;560;...;204;185;33;24;47;10.0;...;3.6;3.3;0.6;0.4;0.8;526;...;155;187;47;24;38;9.3;...;2.8;3.3;0.8;0.4;0.7;556;...;228;159;28;27;42;9.8;...;4.0;2.8;0.5;0.5;0.7;553;...;209;155;28;22;45;9.6;...;3.6;2.7;0.5;0.4;0.8;588;47;199;176;27;25;36;10.1;0.8;3.4;3.0;0.5;0.4;0.6;621;80;231;135;17;20;35;10.5;1.4;3.9;2.3;0.3;0.3;0.6
Ženske;SLOVENIJA;9005;...;2212;4001;636;509;420;8.8;...;2.2;3.9;0.6;0.5;0.4;9376;...;2284;4071;730;508;487;9.2;...;2.2;4.0;0.7;0.5;0.5;9044;...;2286;3954;679;517;473;8.9;...;2.2;3.9;0.7;0.5;0.5;9412;...;2355;4353;641;452;462;9.2;...;2.3;4.3;0.6;0.4;0.5;8910;...;2384;4116;593;420;489;8.7;...;2.3;4.0;0.6;0.4;0.5;9111;...;2430;4384;495;499;518;8.9;...;2.4;4.3;0.5;0.5;0.5;9134;...;2596;4198;564;486;476;8.9;...;2.5;4.1;0.5;0.5;0.5;9457;...;2549;4431;661;495;518;9.2;...;2.5;4.3;0.6;0.5;0.5;9317;...;2647;4295;558;513;460;9.0;...;2.6;4.2;0.5;0.5;0.4;9464;...;2620;4316;592;517;481;9.1;...;2.5;4.2;0.6;0.5;0.5;9845;...;2574;4562;713;498;505;9.5;...;2.5;4.4;0.7;0.5;0.5;9779;...;2690;4448;704;460;512;9.4;...;2.6;4.3;0.7;0.4;0.5;9678;...;2609;4684;576;425;454;9.3;...;2.5;4.5;0.6;0.4;0.4;10095;...;2742;4798;675;395;490;9.7;...;2.6;4.6;0.6;0.4;0.5;10016;...;2739;4675;662;418;485;9.6;...;2.6;4.5;0.6;0.4;0.5;10373;...;2827;4703;652;404;606;10.0;...;2.7;4.5;0.6;0.4;0.6;10372;...;2996;4563;547;398;646;10.0;...;2.9;4.4;0.5;0.4;0.6;10476;...;2796;4721;576;434;622;10.0;...;2.7;4.5;0.6;0.4;0.6;12283;1898;2858;4606;348;434;777;11.7;1.8;2.7;4.4;0.3;0.4;0.7;11420;1390;2695;4382;334;415;845;10.9;1.3;2.6;4.2;0.3;0.4;0.8
Ženske;Pomurska;718;...;148;374;31;37;32;11.3;...;2.3;5.9;0.5;0.6;0.5;693;...;144;338;60;33;38;10.9;...;2.3;5.3;0.9;0.5;0.6;680;...;140;351;42;38;36;10.7;...;2.2;5.5;0.7;0.6;0.6;698;...;154;378;46;23;25;11.0;...;2.4;6.0;0.7;0.4;0.4;648;...;157;317;47;24;34;10.3;...;2.5;5.0;0.7;0.4;0.5;680;...;165;354;33;38;33;10.8;...;2.6;5.6;0.5;0.6;0.5;679;...;162;354;41;34;40;11.0;...;2.6;5.7;0.7;0.6;0.6;701;...;162;373;47;31;37;11.4;...;2.6;6.1;0.8;0.5;0.6;697;...;166;383;45;32;20;11.4;...;2.7;6.3;0.7;0.5;0.3;736;...;180;389;38;35;32;12.1;...;2.9;6.4;0.6;0.6;0.5;722;...;163;377;56;25;28;11.9;...;2.7;6.2;0.9;0.4;0.5;704;...;180;364;59;18;22;11.7;...;3.0;6.1;1.0;0.3;0.4;689;...;149;376;49;30;24;11.6;...;2.5;6.3;0.8;0.5;0.4;709;...;156;396;56;21;19;12.0;...;2.6;6.7;0.9;0.4;0.3;702;...;160;369;51;23;30;11.9;...;2.7;6.3;0.9;0.4;0.5;711;...;181;345;44;16;30;12.1;...;3.1;5.9;0.8;0.3;0.5;713;...;190;364;30;20;23;12.3;...;3.3;6.3;0.5;0.3;0.4;778;...;172;396;51;33;36;13.5;...;3.0;6.8;0.9;0.6;0.6;882;228;146;328;20;26;45;15.3;4.0;2.5;5.7;0.3;0.5;0.8;768;129;171;294;23;20;52;13.3;2.2;3.0;5.1;0.4;0.3;0.9
Ženske;Podravska;1512;...;341;664;124;93;68;9.2;...;2.1;4.1;0.8;0.6;0.4;1607;...;355;726;112;111;89;9.8;...;2.2;4.4;0.7;0.7;0.5;1557;...;357;710;113;106;78;9.5;...;2.2;4.3;0.7;0.6;0.5;1637;...;387;768;99;85;96;10.0;...;2.4;4.7;0.6;0.5;0.6;1588;...;383;744;94;87;80;9.7;...;2.3;4.6;0.6;0.5;0.5;1534;...;377;755;63;96;95;9.4;...;2.3;4.6;0.4;0.6;0.6;1571;...;398;776;89;97;81;9.6;...;2.4;4.8;0.5;0.6;0.5;1557;...;392;746;84;105;94;9.5;...;2.4;4.6;0.5;0.6;0.6;1592;...;427;751;66;98;99;9.7;...;2.6;4.6;0.4;0.6;0.6;1611;...;444;739;86;103;97;9.8;...;2.7;4.5;0.5;0.6;0.6;1648;...;429;755;104;106;93;10.1;...;2.6;4.6;0.6;0.6;0.6;1681;...;431;792;108;94;104;10.3;...;2.6;4.9;0.7;0.6;0.6;1590;...;390;772;84;93;102;9.8;...;2.4;4.7;0.5;0.6;0.6;1814;...;481;845;107;100;109;11.2;...;3.0;5.2;0.7;0.6;0.7;1744;...;469;776;121;95;90;10.8;...;2.9;4.8;0.7;0.6;0.6;1767;...;483;802;104;81;107;10.9;...;3.0;5.0;0.6;0.5;0.7;1802;...;482;786;107;80;122;11.2;...;3.0;4.9;0.7;0.5;0.8;1703;...;446;755;95;83;98;10.5;...;2.8;4.7;0.6;0.5;0.6;2132;317;500;789;65;84;141;13.2;2.0;3.1;4.9;0.4;0.5;0.9;1999;300;441;717;67;80;142;12.3;1.9;2.7;4.4;0.4;0.5;0.9
Ženske;Koroška;320;...;76;137;33;18;17;8.6;...;2.0;3.7;0.9;0.5;0.5;312;...;85;122;17;21;17;8.4;...;2.3;3.3;0.5;0.6;0.5;317;...;66;156;10;18;19;8.6;...;1.8;4.2;0.3;0.5;0.5;330;...;73;154;24;17;12;8.9;...;2.0;4.2;0.6;0.5;0.3;308;...;95;139;16;15;20;8.3;...;2.6;3.8;0.4;0.4;0.5;313;...;84;135;18;17;18;8.5;...;2.3;3.7;0.5;0.5;0.5;314;...;89;147;19;24;11;8.6;...;2.4;4.0;0.5;0.7;0.3;309;...;90;130;28;18;13;8.5;...;2.5;3.6;0.8;0.5;0.4;314;...;92;139;26;15;18;8.7;...;2.5;3.8;0.7;0.4;0.5;353;...;87;176;24;25;14;9.8;...;2.4;4.9;0.7;0.7;0.4;335;...;80;169;21;14;14;9.3;...;2.2;4.7;0.6;0.4;0.4;335;...;99;155;23;20;15;9.3;...;2.8;4.3;0.6;0.6;0.4;337;...;106;160;17;17;13;9.5;...;3.0;4.5;0.5;0.5;0.4;340;...;94;146;22;14;26;9.6;...;2.7;4.1;0.6;0.4;0.7;341;...;102;160;18;14;18;9.6;...;2.9;4.5;0.5;0.4;0.5;344;...;100;156;23;16;18;9.7;...;2.8;4.4;0.7;0.5;0.5;378;...;115;169;20;15;19;10.8;...;3.3;4.8;0.6;0.4;0.5;355;...;97;164;18;10;23;10.2;...;2.8;4.7;0.5;0.3;0.7;429;86;97;170;5;17;22;12.3;2.5;2.8;4.9;0.1;0.5;0.6;371;35;90;160;5;11;31;10.6;1.0;2.6;4.6;0.1;0.3;0.9
Ženske;Savinjska;1232;...;300;538;74;61;60;9.4;...;2.3;4.1;0.6;0.5;0.5;1211;...;299;498;116;77;55;9.3;...;2.3;3.8;0.9;0.6;0.4;1206;...;305;482;124;82;68;9.2;...;2.3;3.7;0.9;0.6;0.5;1195;...;306;531;95;73;49;9.1;...;2.3;4.1;0.7;0.6;0.4;1157;...;295;524;80;77;77;8.8;...;2.3;4.0;0.6;0.6;0.6;1112;...;307;515;77;69;49;8.5;...;2.3;3.9;0.6;0.5;0.4;1186;...;362;517;67;61;55;9.1;...;2.8;4.0;0.5;0.5;0.4;1215;...;322;530;105;64;79;9.3;...;2.5;4.1;0.8;0.5;0.6;1192;...;327;537;84;73;54;9.1;...;2.5;4.1;0.6;0.6;0.4;1239;...;323;549;105;77;72;9.5;...;2.5;4.2;0.8;0.6;0.6;1296;...;316;608;99;76;65;9.9;...;2.4;4.7;0.8;0.6;0.5;1277;...;319;564;116;64;70;9.8;...;2.4;4.3;0.9;0.5;0.5;1264;...;339;579;105;59;58;9.7;...;2.6;4.5;0.8;0.5;0.4;1231;...;306;563;124;44;61;9.7;...;2.4;4.4;1.0;0.3;0.5;1243;...;268;625;89;55;55;9.8;...;2.1;4.9;0.7;0.4;0.4;1311;...;319;611;104;61;68;10.3;...;2.5;4.8;0.8;0.5;0.5;1242;...;333;554;96;47;81;9.8;...;2.6;4.4;0.8;0.4;0.6;1243;...;312;569;80;62;68;9.8;...;2.5;4.5;0.6;0.5;0.5;1555;219;355;601;57;62;86;12.2;1.7;2.8;4.7;0.4;0.5;0.7;1441;177;314;563;64;59;106;11.3;1.4;2.5;4.4;0.5;0.5;0.8
Ženske;Zasavska;222;...;50;111;20;10;6;9.4;...;2.1;4.7;0.8;0.4;0.3;227;...;72;83;10;12;15;9.7;...;3.1;3.5;0.4;0.5;0.6;250;...;66;110;18;17;9;10.7;...;2.8;4.7;0.8;0.7;0.4;244;...;50;124;17;19;8;10.5;...;2.1;5.3;0.7;0.8;0.3;242;...;69;112;18;13;8;10.4;...;3.0;4.8;0.8;0.6;0.3;213;...;53;103;7;10;18;9.2;...;2.3;4.4;0.3;0.4;0.8;225;...;69;103;11;14;9;9.8;...;3.0;4.5;0.5;0.6;0.4;231;...;65;101;23;12;10;10.1;...;2.8;4.4;1.0;0.5;0.4;247;...;74;110;22;12;11;10.9;...;3.3;4.8;1.0;0.5;0.5;262;...;73;102;20;7;18;11.7;...;3.2;4.5;0.9;0.3;0.8;255;...;78;102;29;11;15;11.4;...;3.5;4.6;1.3;0.5;0.7;259;...;83;100;26;17;9;11.7;...;3.8;4.5;1.2;0.8;0.4;252;...;67;101;23;22;11;11.5;...;3.1;4.6;1.1;1.0;0.5;310;...;82;135;27;16;20;10.6;...;2.8;4.6;0.9;0.5;0.7;318;...;105;139;13;16;17;10.9;...;3.6;4.8;0.4;0.5;0.6;334;...;93;144;31;9;22;11.5;...;3.2;5.0;1.1;0.3;0.8;319;...;101;127;16;18;24;11.1;...;3.5;4.4;0.6;0.6;0.8;293;...;79;124;25;13;15;10.2;...;2.7;4.3;0.9;0.5;0.5;363;42;94;132;8;19;30;12.7;1.5;3.3;4.6;0.3;0.7;1.0;363;54;71;149;12;17;28;12.7;1.9;2.5;5.2;0.4;0.6;1.0
Ženske;Posavska;356;...;85;177;12;18;15;10.1;...;2.4;5.0;0.3;0.5;0.4;351;...;83;188;18;19;13;9.9;...;2.3;5.3;0.5;0.5;0.4;358;...;74;176;23;26;15;10.1;...;2.1;5.0;0.7;0.7;0.4;348;...;81;184;20;19;18;9.9;...;2.3;5.2;0.6;0.5;0.5;375;...;73;210;27;21;17;10.6;...;2.1;5.9;0.8;0.6;0.5;373;...;86;210;15;18;17;10.6;...;2.4;5.9;0.4;0.5;0.5;346;...;77;196;12;25;14;9.9;...;2.2;5.6;0.3;0.7;0.4;389;...;81;221;20;30;14;11.1;...;2.3;6.3;0.6;0.9;0.4;380;...;103;200;13;25;14;10.9;...;2.9;5.7;0.4;0.7;0.4;420;...;98;201;21;32;18;12.0;...;2.8;5.8;0.6;0.9;0.5;416;...;96;218;17;27;19;11.9;...;2.7;6.2;0.5;0.8;0.5;388;...;90;194;22;23;18;11.1;...;2.6;5.6;0.6;0.7;0.5;400;...;80;219;22;17;14;11.5;...;2.3;6.3;0.6;0.5;0.4;446;...;108;249;18;20;12;11.8;...;2.9;6.6;0.5;0.5;0.3;411;...;105;215;24;10;11;10.9;...;2.8;5.7;0.6;0.3;0.3;407;...;91;196;18;23;23;10.8;...;2.4;5.2;0.5;0.6;0.6;425;...;115;208;18;18;19;11.4;...;3.1;5.6;0.5;0.5;0.5;402;...;95;190;16;18;35;10.8;...;2.5;5.1;0.4;0.5;0.9;498;80;97;211;7;17;29;13.3;2.1;2.6;5.6;0.2;0.5;0.8;454;73;89;187;12;10;26;12.1;2.0;2.4;5.0;0.3;0.3;0.7
Ženske;Jugovzhodna Slovenija;604;...;145;258;43;46;29;8.6;...;2.1;3.7;0.6;0.7;0.4;640;...;150;286;46;34;38;9.1;...;2.1;4.1;0.7;0.5;0.5;625;...;145;278;48;46;40;8.9;...;2.1;4.0;0.7;0.7;0.6;635;...;141;313;38;34;43;9.0;...;2.0;4.5;0.5;0.5;0.6;559;...;140;276;32;32;25;7.9;...;2.0;3.9;0.5;0.5;0.4;660;...;144;336;35;49;28;9.3;...;2.0;4.8;0.5;0.7;0.4;621;...;186;255;39;39;34;8.8;...;2.6;3.6;0.6;0.6;0.5;690;...;166;317;60;36;42;9.8;...;2.4;4.5;0.9;0.5;0.6;657;...;165;293;48;51;28;9.3;...;2.3;4.1;0.7;0.7;0.4;654;...;183;289;35;42;41;9.2;...;2.6;4.1;0.5;0.6;0.6;651;...;167;286;57;49;32;9.2;...;2.4;4.0;0.8;0.7;0.5;678;...;192;284;60;32;34;9.6;...;2.7;4.0;0.8;0.5;0.5;661;...;166;341;34;21;27;9.4;...;2.4;4.8;0.5;0.3;0.4;735;...;205;348;47;32;30;10.4;...;2.9;4.9;0.7;0.5;0.4;731;...;177;339;49;39;40;10.3;...;2.5;4.8;0.7;0.6;0.6;733;...;185;313;48;29;52;10.4;...;2.6;4.4;0.7;0.4;0.7;766;...;203;338;33;35;49;10.8;...;2.9;4.8;0.5;0.5;0.7;756;...;180;354;28;37;41;10.7;...;2.5;5.0;0.4;0.5;0.6;859;155;171;298;27;32;60;12.0;2.2;2.4;4.2;0.4;0.4;0.8;782;87;199;289;25;29;58;10.9;1.2;2.8;4.0;0.3;0.4;0.8
Ženske;Osrednjeslovenska;1926;...;531;811;166;107;93;7.6;...;2.1;3.2;0.7;0.4;0.4;2133;...;566;867;186;102;117;8.4;...;2.2;3.4;0.7;0.4;0.5;1964;...;575;788;152;86;121;7.7;...;2.3;3.1;0.6;0.3;0.5;2145;...;611;881;144;101;119;8.4;...;2.4;3.4;0.6;0.4;0.5;2034;...;634;834;150;75;117;7.9;...;2.5;3.2;0.6;0.3;0.5;2035;...;597;903;132;107;131;7.8;...;2.3;3.5;0.5;0.4;0.5;2008;...;626;847;126;94;129;7.6;...;2.4;3.2;0.5;0.4;0.5;2109;...;638;944;142;98;100;7.9;...;2.4;3.5;0.5;0.4;0.4;2061;...;639;892;110;106;120;7.6;...;2.4;3.3;0.4;0.4;0.4;2071;...;646;898;138;95;91;7.6;...;2.4;3.3;0.5;0.3;0.3;2240;...;629;975;162;95;135;8.2;...;2.3;3.5;0.6;0.3;0.5;2196;...;670;964;131;101;118;7.9;...;2.4;3.5;0.5;0.4;0.4;2150;...;641;1017;109;84;105;7.7;...;2.3;3.6;0.4;0.3;0.4;2176;...;675;974;144;61;98;7.9;...;2.5;3.6;0.5;0.2;0.4;2145;...;678;913;139;78;121;7.8;...;2.5;3.3;0.5;0.3;0.4;2321;...;686;1025;139;74;126;8.4;...;2.5;3.7;0.5;0.3;0.5;2280;...;757;921;104;81;146;8.2;...;2.7;3.3;0.4;0.3;0.5;2410;...;732;1007;134;80;165;8.6;...;2.6;3.6;0.5;0.3;0.6;2703;380;689;979;73;89;176;9.7;1.4;2.5;3.5;0.3;0.3;0.6;2645;254;691;983;51;105;215;9.4;0.9;2.5;3.5;0.2;0.4;0.8
Ženske;Gorenjska;805;...;219;355;41;49;37;8.0;...;2.2;3.5;0.4;0.5;0.4;821;...;214;335;74;47;34;8.1;...;2.1;3.3;0.7;0.5;0.3;803;...;237;338;61;32;38;7.9;...;2.3;3.3;0.6;0.3;0.4;808;...;207;362;58;36;41;8.0;...;2.0;3.6;0.6;0.4;0.4;743;...;229;327;44;26;42;7.3;...;2.2;3.2;0.4;0.3;0.4;851;...;220;419;43;42;60;8.3;...;2.2;4.1;0.4;0.4;0.6;870;...;272;375;58;51;34;8.5;...;2.7;3.7;0.6;0.5;0.3;838;...;261;373;52;42;51;8.2;...;2.5;3.6;0.5;0.4;0.5;831;...;270;367;44;46;38;8.1;...;2.6;3.6;0.4;0.4;0.4;801;...;244;351;45;42;42;7.8;...;2.4;3.4;0.4;0.4;0.4;830;...;255;375;60;28;43;8.0;...;2.5;3.6;0.6;0.3;0.4;899;...;262;409;59;41;42;8.7;...;2.5;4.0;0.6;0.4;0.4;874;...;264;396;57;33;32;8.5;...;2.6;3.8;0.6;0.3;0.3;910;...;255;424;56;40;50;8.8;...;2.5;4.1;0.5;0.4;0.5;883;...;262;406;52;39;45;8.6;...;2.5;4.0;0.5;0.4;0.4;962;...;303;398;52;44;58;9.4;...;2.9;3.9;0.5;0.4;0.6;955;...;277;409;50;35;65;9.3;...;2.7;4.0;0.5;0.3;0.6;994;...;272;428;48;39;60;9.7;...;2.6;4.2;0.5;0.4;0.6;1183;168;298;440;34;37;71;11.4;1.6;2.9;4.2;0.3;0.4;0.7;1013;97;267;395;30;32;61;9.6;0.9;2.5;3.7;0.3;0.3;0.6
Ženske;Primorsko-notranjska;294;...;49;125;23;15;14;11.4;...;1.9;4.9;0.9;0.6;0.5;261;...;50;109;14;11;15;10.2;...;2.0;4.3;0.5;0.4;0.6;256;...;51;115;20;17;14;10.0;...;2.0;4.5;0.8;0.7;0.5;282;...;66;140;20;9;9;10.9;...;2.6;5.4;0.8;0.3;0.3;233;...;35;129;17;11;11;9.0;...;1.4;5.0;0.7;0.4;0.4;273;...;71;131;18;9;17;10.5;...;2.7;5.1;0.7;0.3;0.7;267;...;71;115;26;8;16;10.4;...;2.8;4.5;1.0;0.3;0.6;254;...;57;118;24;10;18;9.8;...;2.2;4.6;0.9;0.4;0.7;282;...;64;124;33;8;16;10.9;...;2.5;4.8;1.3;0.3;0.6;252;...;59;111;21;11;8;9.7;...;2.3;4.3;0.8;0.4;0.3;291;...;67;139;23;17;12;11.2;...;2.6;5.3;0.9;0.7;0.5;249;...;65;111;19;11;13;9.6;...;2.5;4.3;0.7;0.4;0.5;304;...;69;157;14;12;15;11.7;...;2.7;6.0;0.5;0.5;0.6;276;...;55;147;15;9;20;10.6;...;2.1;5.7;0.6;0.3;0.8;287;...;62;159;23;7;10;11.1;...;2.4;6.1;0.9;0.3;0.4;295;...;69;155;18;3;24;11.4;...;2.7;6.0;0.7;0.1;0.9;291;...;72;159;13;7;14;11.3;...;2.8;6.1;0.5;0.3;0.5;328;...;78;161;16;17;14;12.7;...;3.0;6.2;0.6;0.7;0.5;346;49;75;138;7;14;23;13.4;1.9;2.9;5.3;0.3;0.5;0.9;307;40;70;131;5;10;19;11.8;1.5;2.7;5.0;0.2;0.4;0.7
Ženske;Goriška;580;...;149;285;33;29;28;9.5;...;2.4;4.7;0.5;0.5;0.5;646;...;152;323;41;20;31;10.6;...;2.5;5.3;0.7;0.3;0.5;565;...;149;264;35;27;16;9.3;...;2.5;4.4;0.6;0.4;0.3;635;...;146;326;50;19;20;10.5;...;2.4;5.4;0.8;0.3;0.3;597;...;163;307;40;21;29;9.9;...;2.7;5.1;0.7;0.3;0.5;596;...;171;315;24;23;22;9.9;...;2.8;5.2;0.4;0.4;0.4;602;...;158;312;41;21;35;10.1;...;2.7;5.2;0.7;0.4;0.6;643;...;161;334;39;29;36;10.8;...;2.7;5.6;0.7;0.5;0.6;607;...;164;310;35;24;21;10.2;...;2.8;5.2;0.6;0.4;0.4;605;...;163;302;27;29;28;10.1;...;2.7;5.1;0.5;0.5;0.5;635;...;160;311;45;26;25;10.6;...;2.7;5.2;0.8;0.4;0.4;638;...;172;311;39;25;41;10.7;...;2.9;5.2;0.7;0.4;0.7;666;...;177;341;31;25;31;11.3;...;3.0;5.8;0.5;0.4;0.5;685;...;196;336;32;23;24;11.6;...;3.3;5.7;0.5;0.4;0.4;692;...;184;342;47;25;28;11.7;...;3.1;5.8;0.8;0.4;0.5;666;...;172;315;40;23;49;11.3;...;2.9;5.4;0.7;0.4;0.8;621;...;180;281;30;16;42;10.6;...;3.1;4.8;0.5;0.3;0.7;679;...;184;331;38;21;43;11.6;...;3.1;5.7;0.7;0.4;0.7;712;97;172;284;31;18;49;12.2;1.7;2.9;4.9;0.5;0.3;0.8;712;86;157;284;22;24;64;12.2;1.5;2.7;4.9;0.4;0.4;1.1
Ženske;Obalno-kraška;436;...;119;166;36;26;21;8.2;...;2.2;3.1;0.7;0.5;0.4;474;...;114;196;36;21;25;8.9;...;2.1;3.7;0.7;0.4;0.5;463;...;121;186;33;22;19;8.7;...;2.3;3.5;0.6;0.4;0.4;455;...;133;192;30;17;22;8.5;...;2.5;3.6;0.6;0.3;0.4;426;...;111;197;28;18;29;7.9;...;2.1;3.7;0.5;0.3;0.5;471;...;155;208;30;21;30;8.8;...;2.9;3.9;0.6;0.4;0.6;445;...;126;201;35;18;18;8.2;...;2.3;3.7;0.6;0.3;0.3;521;...;154;244;37;20;24;9.5;...;2.8;4.4;0.7;0.4;0.4;457;...;156;189;32;23;21;8.2;...;2.8;3.4;0.6;0.4;0.4;460;...;120;209;32;19;20;8.3;...;2.2;3.8;0.6;0.3;0.4;526;...;134;247;40;24;24;9.4;...;2.4;4.4;0.7;0.4;0.4;475;...;127;200;42;14;26;8.4;...;2.3;3.6;0.7;0.2;0.5;491;...;161;225;31;12;22;8.6;...;2.8;4.0;0.5;0.2;0.4;463;...;129;235;27;15;21;8.1;...;2.3;4.1;0.5;0.3;0.4;519;...;167;232;36;17;20;9.1;...;2.9;4.1;0.6;0.3;0.3;522;...;145;243;31;25;29;9.1;...;2.5;4.2;0.5;0.4;0.5;580;...;171;247;30;26;42;10.1;...;3.0;4.3;0.5;0.5;0.7;535;...;149;242;27;21;24;9.2;...;2.6;4.2;0.5;0.4;0.4;621;77;164;236;14;19;45;10.6;1.3;2.8;4.0;0.2;0.3;0.8;565;58;135;230;18;18;43;9.5;1.0;2.3;3.9;0.3;0.3;0.7
